task,controller,sample,step,time,ref_x,ref_y,act_x,act_y,reference_x,reference_y,error_x,error_y,error_distance
triangle,FS-EDMD-LQR,0,0,0.21290000,0.00000000,0.00000000,0.00000000,0.00400000,0.00000000,0.00000000,0.00000000,0.00400000,0.00400000
triangle,FS-EDMD-LQR,1,1,0.40350000,0.10300000,0.10300000,0.00400000,0.00000000,0.10300000,0.10300000,-0.09900000,-0.10300000,0.14286357
triangle,FS-EDMD-LQR,2,2,0.60820000,0.20600000,0.20600000,0.04000000,0.03700000,0.20600000,0.20600000,-0.16600000,-0.16900000,0.23689027
triangle,FS-EDMD-LQR,3,3,0.81340000,0.30900000,0.30900000,0.16200000,0.17000000,0.30900000,0.30900000,-0.14700000,-0.13900000,0.20231164
triangle,FS-EDMD-LQR,4,4,1.01770000,0.41100000,0.41100000,0.29400000,0.31400000,0.41100000,0.41100000,-0.11700000,-0.09700000,0.15198026
triangle,FS-EDMD-LQR,5,5,1.22300000,0.51400000,0.51400000,0.39600000,0.44700000,0.51400000,0.51400000,-0.11800000,-0.06700000,0.13569451
triangle,FS-EDMD-LQR,6,6,1.42840000,0.61700000,0.61700000,0.45600000,0.52500000,0.61700000,0.61700000,-0.16100000,-0.09200000,0.18543193
triangle,FS-EDMD-LQR,7,7,1.63150000,0.72000000,0.72000000,0.56900000,0.62400000,0.72000000,0.72000000,-0.15100000,-0.09600000,0.17893295
triangle,FS-EDMD-LQR,8,8,1.83730000,0.82300000,0.82300000,0.69100000,0.69900000,0.82300000,0.82300000,-0.13200000,-0.12400000,0.18110770
triangle,FS-EDMD-LQR,9,9,2.02740000,0.92600000,0.92600000,0.81100000,0.81200000,0.92600000,0.92600000,-0.11500000,-0.11400000,0.16192900
triangle,FS-EDMD-LQR,10,10,2.23100000,1.02900000,1.02900000,0.92400000,0.95300000,1.02900000,1.02900000,-0.10500000,-0.07600000,0.12961867
triangle,FS-EDMD-LQR,11,11,2.43770000,1.13100000,1.13100000,1.02700000,1.05200000,1.13100000,1.13100000,-0.10400000,-0.07900000,0.13060245
triangle,FS-EDMD-LQR,12,12,2.64380000,1.23400000,1.23400000,1.08800000,1.10700000,1.23400000,1.23400000,-0.14600000,-0.12700000,0.19350711
triangle,FS-EDMD-LQR,13,13,2.85740000,1.33700000,1.33700000,1.24400000,1.26700000,1.33700000,1.33700000,-0.09300000,-0.07000000,0.11640017
triangle,FS-EDMD-LQR,14,14,3.05710000,1.44000000,1.44000000,1.35900000,1.37400000,1.44000000,1.44000000,-0.08100000,-0.06600000,0.10448445
triangle,FS-EDMD-LQR,15,15,3.26090000,1.54300000,1.54300000,1.42300000,1.43000000,1.54300000,1.54300000,-0.12000000,-0.11300000,0.16483022
triangle,FS-EDMD-LQR,16,16,3.46180000,1.64600000,1.64600000,1.52400000,1.49100000,1.64600000,1.64600000,-0.12200000,-0.15500000,0.19725364
triangle,FS-EDMD-LQR,17,17,3.65640000,1.74800000,1.74800000,1.62000000,1.62700000,1.74800000,1.74800000,-0.12800000,-0.12100000,0.17613915
triangle,FS-EDMD-LQR,18,18,3.85640000,1.85100000,1.85100000,1.67700000,1.75300000,1.85100000,1.85100000,-0.17400000,-0.09800000,0.19969977
triangle,FS-EDMD-LQR,19,19,4.06150000,1.95400000,1.95400000,1.81800000,1.87800000,1.95400000,1.95400000,-0.13600000,-0.07600000,0.15579474
triangle,FS-EDMD-LQR,20,20,4.26500000,2.05700000,2.05700000,1.94600000,1.94100000,2.05700000,2.05700000,-0.11100000,-0.11600000,0.16055217
triangle,FS-EDMD-LQR,21,21,4.47080000,2.16000000,2.16000000,2.04500000,2.06400000,2.16000000,2.16000000,-0.11500000,-0.09600000,0.14980320
triangle,FS-EDMD-LQR,22,22,4.67480000,2.26300000,2.26300000,2.10000000,2.12000000,2.26300000,2.26300000,-0.16300000,-0.14300000,0.21683634
triangle,FS-EDMD-LQR,23,23,4.87810000,2.36600000,2.36600000,2.21400000,2.24500000,2.36600000,2.36600000,-0.15200000,-0.12100000,0.19428072
triangle,FS-EDMD-LQR,24,24,5.08250000,2.46800000,2.46800000,2.33700000,2.41000000,2.46800000,2.46800000,-0.13100000,-0.05800000,0.14326549
triangle,FS-EDMD-LQR,25,25,5.28570000,2.57100000,2.57100000,2.46400000,2.51000000,2.57100000,2.57100000,-0.10700000,-0.06100000,0.12316655
triangle,FS-EDMD-LQR,26,26,5.48930000,2.67400000,2.67400000,2.56900000,2.57600000,2.67400000,2.67400000,-0.10500000,-0.09800000,0.14362799
triangle,FS-EDMD-LQR,27,27,5.69230000,2.77700000,2.77700000,2.63700000,2.62800000,2.77700000,2.77700000,-0.14000000,-0.14900000,0.20445293
triangle,FS-EDMD-LQR,28,28,5.89930000,2.88000000,2.88000000,2.74300000,2.76300000,2.88000000,2.88000000,-0.13700000,-0.11700000,0.18016104
triangle,FS-EDMD-LQR,29,29,6.08960000,2.98300000,2.98300000,2.85500000,2.90900000,2.98300000,2.98300000,-0.12800000,-0.07400000,0.14785128
triangle,FS-EDMD-LQR,30,30,6.29640000,3.08600000,3.08600000,2.99900000,3.03100000,3.08600000,3.08600000,-0.08700000,-0.05500000,0.10292716
triangle,FS-EDMD-LQR,31,31,6.50050000,3.18800000,3.18800000,3.10200000,3.13200000,3.18800000,3.18800000,-0.08600000,-0.05600000,0.10262553
triangle,FS-EDMD-LQR,32,32,6.70660000,3.29100000,3.29100000,3.15400000,3.20000000,3.29100000,3.29100000,-0.13700000,-0.09100000,0.16446884
triangle,FS-EDMD-LQR,33,33,6.92320000,3.39400000,3.39400000,3.31000000,3.29900000,3.39400000,3.39400000,-0.08400000,-0.09500000,0.12681088
triangle,FS-EDMD-LQR,34,34,7.12300000,3.49700000,3.49700000,3.41000000,3.41100000,3.49700000,3.49700000,-0.08700000,-0.08600000,0.12233152
triangle,FS-EDMD-LQR,35,35,7.32350000,3.60000000,3.60000000,3.47100000,3.48700000,3.60000000,3.60000000,-0.12900000,-0.11300000,0.17149344
triangle,FS-EDMD-LQR,36,36,7.52330000,3.70300000,3.70300000,3.60200000,3.61900000,3.70300000,3.70300000,-0.10100000,-0.08400000,0.13136590
triangle,FS-EDMD-LQR,37,37,7.72330000,3.80600000,3.80600000,3.71400000,3.74100000,3.80600000,3.80600000,-0.09200000,-0.06500000,0.11264546
triangle,FS-EDMD-LQR,38,38,7.92670000,3.90800000,3.90800000,3.78500000,3.80800000,3.90800000,3.90800000,-0.12300000,-0.10000000,0.15852129
triangle,FS-EDMD-LQR,39,39,8.12670000,4.01100000,4.01100000,3.90300000,3.87900000,4.01100000,4.01100000,-0.10800000,-0.13200000,0.17055204
triangle,FS-EDMD-LQR,40,40,8.32690000,4.11400000,4.11400000,3.98100000,4.03100000,4.11400000,4.11400000,-0.13300000,-0.08300000,0.15677372
triangle,FS-EDMD-LQR,41,41,8.53870000,4.21700000,4.21700000,4.11500000,4.15400000,4.21700000,4.21700000,-0.10200000,-0.06300000,0.11988745
triangle,FS-EDMD-LQR,42,42,8.74140000,4.32000000,4.32000000,4.22200000,4.25600000,4.32000000,4.32000000,-0.09800000,-0.06400000,0.11704700
triangle,FS-EDMD-LQR,43,43,8.94710000,4.42300000,4.42300000,4.29000000,4.31800000,4.42300000,4.42300000,-0.13300000,-0.10500000,0.16945206
triangle,FS-EDMD-LQR,44,44,9.13650000,4.52500000,4.52500000,4.40900000,4.41000000,4.52500000,4.52500000,-0.11600000,-0.11500000,0.16334320
triangle,FS-EDMD-LQR,45,45,9.34180000,4.62800000,4.62800000,4.53600000,4.53700000,4.62800000,4.62800000,-0.09200000,-0.09100000,0.12940247
triangle,FS-EDMD-LQR,46,46,9.54940000,4.73100000,4.73100000,4.60800000,4.67600000,4.73100000,4.73100000,-0.12300000,-0.05500000,0.13473678
triangle,FS-EDMD-LQR,47,47,9.75490000,4.83400000,4.83400000,4.72200000,4.76300000,4.83400000,4.83400000,-0.11200000,-0.07100000,0.13260845
triangle,FS-EDMD-LQR,48,48,9.96110000,4.93700000,4.93700000,4.79000000,4.83700000,4.93700000,4.93700000,-0.14700000,-0.10000000,0.17778920
triangle,FS-EDMD-LQR,49,49,10.16570000,5.04000000,5.04000000,4.91200000,4.94300000,5.04000000,5.04000000,-0.12800000,-0.09700000,0.16060199
triangle,FS-EDMD-LQR,50,50,10.35420000,5.14300000,5.14300000,5.04600000,5.02900000,5.14300000,5.14300000,-0.09700000,-0.11400000,0.14968300
triangle,FS-EDMD-LQR,51,51,10.56000000,5.24500000,5.24500000,5.15100000,5.15900000,5.24500000,5.24500000,-0.09400000,-0.08600000,0.12740487
triangle,FS-EDMD-LQR,52,52,10.76620000,5.34800000,5.34800000,5.21000000,5.28700000,5.34800000,5.34800000,-0.13800000,-0.06100000,0.15088075
triangle,FS-EDMD-LQR,53,53,10.97160000,5.45100000,5.45100000,5.32500000,5.37800000,5.45100000,5.45100000,-0.12600000,-0.07300000,0.14561937
triangle,FS-EDMD-LQR,54,54,11.19000000,5.55400000,5.55400000,5.50200000,5.49200000,5.55400000,5.55400000,-0.05200000,-0.06200000,0.08091971
triangle,FS-EDMD-LQR,55,55,11.38950000,5.65700000,5.65700000,5.57100000,5.55700000,5.65700000,5.65700000,-0.08600000,-0.10000000,0.13189390
triangle,FS-EDMD-LQR,56,56,11.58970000,5.51900000,5.69400000,5.62800000,5.64000000,5.51900000,5.69400000,0.10900000,-0.05400000,0.12164292
triangle,FS-EDMD-LQR,57,57,11.78980000,5.38100000,5.73100000,5.64000000,5.72900000,5.38100000,5.73100000,0.25900000,-0.00200000,0.25900772
triangle,FS-EDMD-LQR,58,58,11.98950000,5.24300000,5.76800000,5.49300000,5.71800000,5.24300000,5.76800000,0.25000000,-0.05000000,0.25495098
triangle,FS-EDMD-LQR,59,59,12.19300000,5.10500000,5.80500000,5.29000000,5.73000000,5.10500000,5.80500000,0.18500000,-0.07500000,0.19962465
triangle,FS-EDMD-LQR,60,60,12.38880000,4.96700000,5.84200000,5.11300000,5.74800000,4.96700000,5.84200000,0.14600000,-0.09400000,0.17364331
triangle,FS-EDMD-LQR,61,61,12.59310000,4.82900000,5.87900000,4.94200000,5.81000000,4.82900000,5.87900000,0.11300000,-0.06900000,0.13240091
triangle,FS-EDMD-LQR,62,62,12.79280000,4.69100000,5.91600000,4.81400000,5.87100000,4.69100000,5.91600000,0.12300000,-0.04500000,0.13097328
triangle,FS-EDMD-LQR,63,63,13.00170000,4.55300000,5.95300000,4.68400000,5.91800000,4.55300000,5.95300000,0.13100000,-0.03500000,0.13559499
triangle,FS-EDMD-LQR,64,64,13.20440000,4.41500000,5.99000000,4.55200000,5.91600000,4.41500000,5.99000000,0.13700000,-0.07400000,0.15570806
triangle,FS-EDMD-LQR,65,65,13.41080000,4.27700000,6.02700000,4.41100000,5.94300000,4.27700000,6.02700000,0.13400000,-0.08400000,0.15815183
triangle,FS-EDMD-LQR,66,66,13.61700000,4.13900000,6.06400000,4.25200000,5.99300000,4.13900000,6.06400000,0.11300000,-0.07100000,0.13345411
triangle,FS-EDMD-LQR,67,67,13.82070000,4.00100000,6.10100000,4.13500000,6.02700000,4.00100000,6.10100000,0.13400000,-0.07400000,0.15307514
triangle,FS-EDMD-LQR,68,68,14.02620000,3.86300000,6.13800000,3.99000000,6.08600000,3.86300000,6.13800000,0.12700000,-0.05200000,0.13723338
triangle,FS-EDMD-LQR,69,69,14.22760000,3.72500000,6.17400000,3.83900000,6.14500000,3.72500000,6.17400000,0.11400000,-0.02900000,0.11763078
triangle,FS-EDMD-LQR,70,70,14.43280000,3.58700000,6.21100000,3.70100000,6.15400000,3.58700000,6.21100000,0.11400000,-0.05700000,0.12745587
triangle,FS-EDMD-LQR,71,71,14.63490000,3.44900000,6.24800000,3.62300000,6.17700000,3.44900000,6.24800000,0.17400000,-0.07100000,0.18792818
triangle,FS-EDMD-LQR,72,72,14.82300000,3.31100000,6.28500000,3.50200000,6.20000000,3.31100000,6.28500000,0.19100000,-0.08500000,0.20905980
triangle,FS-EDMD-LQR,73,73,15.02680000,3.17300000,6.32200000,3.32000000,6.25200000,3.17300000,6.32200000,0.14700000,-0.07000000,0.16281585
triangle,FS-EDMD-LQR,74,74,15.23160000,3.03500000,6.35900000,3.14200000,6.31000000,3.03500000,6.35900000,0.10700000,-0.04900000,0.11768602
triangle,FS-EDMD-LQR,75,75,15.43530000,2.89700000,6.39600000,3.01900000,6.34300000,2.89700000,6.39600000,0.12200000,-0.05300000,0.13301504
triangle,FS-EDMD-LQR,76,76,15.64040000,2.75900000,6.43300000,2.94200000,6.37100000,2.75900000,6.43300000,0.18300000,-0.06200000,0.19321749
triangle,FS-EDMD-LQR,77,77,15.85600000,2.62100000,6.47000000,2.75500000,6.41200000,2.62100000,6.47000000,0.13400000,-0.05800000,0.14601370
triangle,FS-EDMD-LQR,78,78,16.05700000,2.48300000,6.50700000,2.60000000,6.43800000,2.48300000,6.50700000,0.11700000,-0.06900000,0.13583078
triangle,FS-EDMD-LQR,79,79,16.25620000,2.34500000,6.54400000,2.48300000,6.47000000,2.34500000,6.54400000,0.13800000,-0.07400000,0.15658863
triangle,FS-EDMD-LQR,80,80,16.45920000,2.20700000,6.58100000,2.34600000,6.51300000,2.20700000,6.58100000,0.13900000,-0.06800000,0.15474172
triangle,FS-EDMD-LQR,81,81,16.65940000,2.06900000,6.61800000,2.20000000,6.55300000,2.06900000,6.61800000,0.13100000,-0.06500000,0.14623953
triangle,FS-EDMD-LQR,82,82,16.85910000,1.93100000,6.65500000,2.07800000,6.60500000,1.93100000,6.65500000,0.14700000,-0.05000000,0.15527073
triangle,FS-EDMD-LQR,83,83,17.06020000,1.79300000,6.69200000,1.94100000,6.62300000,1.79300000,6.69200000,0.14800000,-0.06900000,0.16329421
triangle,FS-EDMD-LQR,84,84,17.26340000,1.65500000,6.72900000,1.79200000,6.66200000,1.65500000,6.72900000,0.13700000,-0.06700000,0.15250574
triangle,FS-EDMD-LQR,85,85,17.46890000,1.51700000,6.76600000,1.65500000,6.70300000,1.51700000,6.76600000,0.13800000,-0.06300000,0.15170036
triangle,FS-EDMD-LQR,86,86,17.67230000,1.37900000,6.80300000,1.52600000,6.74600000,1.37900000,6.80300000,0.14700000,-0.05700000,0.15766420
triangle,FS-EDMD-LQR,87,87,17.87720000,1.24100000,6.84000000,1.40300000,6.79400000,1.24100000,6.84000000,0.16200000,-0.04600000,0.16840428
triangle,FS-EDMD-LQR,88,88,18.08010000,1.10300000,6.87700000,1.26300000,6.81100000,1.10300000,6.87700000,0.16000000,-0.06600000,0.17307802
triangle,FS-EDMD-LQR,89,89,18.28740000,0.96500000,6.91400000,1.11900000,6.84400000,0.96500000,6.91400000,0.15400000,-0.07000000,0.16916264
triangle,FS-EDMD-LQR,90,90,18.48950000,0.82700000,6.95100000,0.99100000,6.88200000,0.82700000,6.95100000,0.16400000,-0.06900000,0.17792414
triangle,FS-EDMD-LQR,91,91,18.69490000,0.68900000,6.98800000,0.84400000,6.92400000,0.68900000,6.98800000,0.15500000,-0.06400000,0.16769317
triangle,FS-EDMD-LQR,92,92,18.89650000,0.55100000,7.02500000,0.68500000,6.95700000,0.55100000,7.02500000,0.13400000,-0.06800000,0.15026643
triangle,FS-EDMD-LQR,93,93,19.09900000,0.41300000,7.06200000,0.55300000,7.00600000,0.41300000,7.06200000,0.14000000,-0.05600000,0.15078461
triangle,FS-EDMD-LQR,94,94,19.30230000,0.27500000,7.09900000,0.42800000,7.05100000,0.27500000,7.09900000,0.15300000,-0.04800000,0.16035274
triangle,FS-EDMD-LQR,95,95,19.50940000,0.13700000,7.13600000,0.29600000,7.08600000,0.13700000,7.13600000,0.15900000,-0.05000000,0.16667633
triangle,FS-EDMD-LQR,96,96,19.72220000,-0.00100000,7.17300000,0.10800000,7.11300000,-0.00100000,7.17300000,0.10900000,-0.06000000,0.12442267
triangle,FS-EDMD-LQR,97,97,19.90130000,-0.13900000,7.21000000,0.04700000,7.13500000,-0.13900000,7.21000000,0.18600000,-0.07500000,0.20055174
triangle,FS-EDMD-LQR,98,98,20.10630000,-0.27700000,7.24700000,-0.06200000,7.16300000,-0.27700000,7.24700000,0.21500000,-0.08400000,0.23082677
triangle,FS-EDMD-LQR,99,99,20.32200000,-0.41500000,7.28400000,-0.27800000,7.22100000,-0.41500000,7.28400000,0.13700000,-0.06300000,0.15079125
triangle,FS-EDMD-LQR,100,100,20.52210000,-0.55300000,7.32100000,-0.40600000,7.26900000,-0.55300000,7.32100000,0.14700000,-0.05200000,0.15592626
triangle,FS-EDMD-LQR,101,101,20.72270000,-0.69100000,7.35800000,-0.52100000,7.31000000,-0.69100000,7.35800000,0.17000000,-0.04800000,0.17664654
triangle,FS-EDMD-LQR,102,102,20.92540000,-0.82900000,7.39500000,-0.65200000,7.32500000,-0.82900000,7.39500000,0.17700000,-0.07000000,0.19033917
triangle,FS-EDMD-LQR,103,103,21.12680000,-0.96700000,7.43200000,-0.76600000,7.34600000,-0.96700000,7.43200000,0.20100000,-0.08600000,0.21862525
triangle,FS-EDMD-LQR,104,104,21.32590000,-1.10500000,7.46900000,-0.90700000,7.40100000,-1.10500000,7.46900000,0.19800000,-0.06800000,0.20935138
triangle,FS-EDMD-LQR,105,105,21.54070000,-1.24300000,7.50600000,-1.05900000,7.42800000,-1.24300000,7.50600000,0.18400000,-0.07800000,0.19984994
triangle,FS-EDMD-LQR,106,106,21.72960000,-1.38100000,7.54300000,-1.18000000,7.47200000,-1.38100000,7.54300000,0.20100000,-0.07100000,0.21317129
triangle,FS-EDMD-LQR,107,107,21.93400000,-1.51900000,7.58000000,-1.30700000,7.52400000,-1.51900000,7.58000000,0.21200000,-0.05600000,0.21927152
triangle,FS-EDMD-LQR,108,108,22.13890000,-1.65700000,7.61600000,-1.45400000,7.56000000,-1.65700000,7.61600000,0.20300000,-0.05600000,0.21058253
triangle,FS-EDMD-LQR,109,109,22.34550000,-1.79500000,7.65300000,-1.59300000,7.60200000,-1.79500000,7.65300000,0.20200000,-0.05100000,0.20833867
triangle,FS-EDMD-LQR,110,110,22.54900000,-1.93300000,7.69000000,-1.70800000,7.62800000,-1.93300000,7.69000000,0.22500000,-0.06200000,0.23338595
triangle,FS-EDMD-LQR,111,111,22.75350000,-2.07100000,7.72700000,-1.87200000,7.64700000,-2.07100000,7.72700000,0.19900000,-0.08000000,0.21447844
triangle,FS-EDMD-LQR,112,112,22.96020000,-2.03400000,7.58900000,-2.02600000,7.68700000,-2.03400000,7.58900000,0.00800000,0.09800000,0.09832599
triangle,FS-EDMD-LQR,113,113,23.16580000,-1.99700000,7.45100000,-2.12200000,7.71800000,-1.99700000,7.45100000,-0.12500000,0.26700000,0.29481180
triangle,FS-EDMD-LQR,114,114,23.35730000,-1.96000000,7.31300000,-2.12300000,7.63000000,-1.96000000,7.31300000,-0.16300000,0.31700000,0.35645196
triangle,FS-EDMD-LQR,115,115,23.56270000,-1.92300000,7.17500000,-2.02900000,7.44700000,-1.92300000,7.17500000,-0.10600000,0.27200000,0.29192465
triangle,FS-EDMD-LQR,116,116,23.76870000,-1.88600000,7.03700000,-1.91000000,7.25400000,-1.88600000,7.03700000,-0.02400000,0.21700000,0.21832315
triangle,FS-EDMD-LQR,117,117,23.97590000,-1.84900000,6.89900000,-1.81600000,7.08700000,-1.84900000,6.89900000,0.03300000,0.18800000,0.19087430
triangle,FS-EDMD-LQR,118,118,24.18960000,-1.81200000,6.76100000,-1.79500000,6.87900000,-1.81200000,6.76100000,0.01700000,0.11800000,0.11921829
triangle,FS-EDMD-LQR,119,119,24.38860000,-1.77500000,6.62300000,-1.79600000,6.75800000,-1.77500000,6.62300000,-0.02100000,0.13500000,0.13662357
triangle,FS-EDMD-LQR,120,120,24.58860000,-1.73800000,6.48600000,-1.78900000,6.63700000,-1.73800000,6.48600000,-0.05100000,0.15100000,0.15938005
triangle,FS-EDMD-LQR,121,121,24.78850000,-1.70100000,6.34800000,-1.75600000,6.53600000,-1.70100000,6.34800000,-0.05500000,0.18800000,0.19588007
triangle,FS-EDMD-LQR,122,122,24.98820000,-1.66400000,6.21000000,-1.70000000,6.40800000,-1.66400000,6.21000000,-0.03600000,0.19800000,0.20124612
triangle,FS-EDMD-LQR,123,123,25.18940000,-1.62700000,6.07200000,-1.64400000,6.24900000,-1.62700000,6.07200000,-0.01700000,0.17700000,0.17781451
triangle,FS-EDMD-LQR,124,124,25.39180000,-1.59000000,5.93400000,-1.61400000,6.10100000,-1.59000000,5.93400000,-0.02400000,0.16700000,0.16871574
triangle,FS-EDMD-LQR,125,125,25.59240000,-1.55300000,5.79600000,-1.58700000,5.97100000,-1.55300000,5.79600000,-0.03400000,0.17500000,0.17827226
triangle,FS-EDMD-LQR,126,126,25.79940000,-1.51600000,5.65800000,-1.55300000,5.83300000,-1.51600000,5.65800000,-0.03700000,0.17500000,0.17886867
triangle,FS-EDMD-LQR,127,127,26.00290000,-1.47900000,5.52000000,-1.50500000,5.70400000,-1.47900000,5.52000000,-0.02600000,0.18400000,0.18582788
triangle,FS-EDMD-LQR,128,128,26.20600000,-1.44200000,5.38200000,-1.44900000,5.55200000,-1.44200000,5.38200000,-0.00700000,0.17000000,0.17014406
triangle,FS-EDMD-LQR,129,129,26.40990000,-1.40500000,5.24400000,-1.43300000,5.42000000,-1.40500000,5.24400000,-0.02800000,0.17600000,0.17821336
triangle,FS-EDMD-LQR,130,130,26.61450000,-1.36800000,5.10600000,-1.40200000,5.28800000,-1.36800000,5.10600000,-0.03400000,0.18200000,0.18514859
triangle,FS-EDMD-LQR,131,131,26.81910000,-1.33100000,4.96800000,-1.35400000,5.14200000,-1.33100000,4.96800000,-0.02300000,0.17400000,0.17551353
triangle,FS-EDMD-LQR,132,132,27.02330000,-1.29400000,4.83000000,-1.31000000,5.00400000,-1.29400000,4.83000000,-0.01600000,0.17400000,0.17473408
triangle,FS-EDMD-LQR,133,133,27.22810000,-1.25700000,4.69200000,-1.27800000,4.85700000,-1.25700000,4.69200000,-0.02100000,0.16500000,0.16633100
triangle,FS-EDMD-LQR,134,134,27.41870000,-1.22000000,4.55400000,-1.23200000,4.70600000,-1.22000000,4.55400000,-0.01200000,0.15200000,0.15247295
triangle,FS-EDMD-LQR,135,135,27.62210000,-1.18300000,4.41600000,-1.20400000,4.56200000,-1.18300000,4.41600000,-0.02100000,0.14600000,0.14750254
triangle,FS-EDMD-LQR,136,136,27.82600000,-1.14600000,4.27800000,-1.18700000,4.41400000,-1.14600000,4.27800000,-0.04100000,0.13600000,0.14204577
triangle,FS-EDMD-LQR,137,137,28.02950000,-1.10900000,4.14000000,-1.14200000,4.29300000,-1.10900000,4.14000000,-0.03300000,0.15300000,0.15651837
triangle,FS-EDMD-LQR,138,138,28.23570000,-1.07200000,4.00200000,-1.10500000,4.14900000,-1.07200000,4.00200000,-0.03300000,0.14700000,0.15065855
triangle,FS-EDMD-LQR,139,139,28.44210000,-1.03500000,3.86400000,-1.06200000,4.01100000,-1.03500000,3.86400000,-0.02700000,0.14700000,0.14945902
triangle,FS-EDMD-LQR,140,140,28.65440000,-0.99800000,3.72600000,-1.00600000,3.83800000,-0.99800000,3.72600000,-0.00800000,0.11200000,0.11228535
triangle,FS-EDMD-LQR,141,141,28.85510000,-0.96100000,3.58800000,-0.99100000,3.71000000,-0.96100000,3.58800000,-0.03000000,0.12200000,0.12563439
triangle,FS-EDMD-LQR,142,142,29.05490000,-0.92400000,3.45000000,-0.96800000,3.59600000,-0.92400000,3.45000000,-0.04400000,0.14600000,0.15248606
triangle,FS-EDMD-LQR,143,143,29.25490000,-0.88700000,3.31200000,-0.91600000,3.47200000,-0.88700000,3.31200000,-0.02900000,0.16000000,0.16260689
triangle,FS-EDMD-LQR,144,144,29.45430000,-0.85000000,3.17400000,-0.87500000,3.35000000,-0.85000000,3.17400000,-0.02500000,0.17600000,0.17776670
triangle,FS-EDMD-LQR,145,145,29.65510000,-0.81300000,3.03600000,-0.83600000,3.21100000,-0.81300000,3.03600000,-0.02300000,0.17500000,0.17650496
triangle,FS-EDMD-LQR,146,146,29.85850000,-0.77600000,2.89800000,-0.80300000,3.06400000,-0.77600000,2.89800000,-0.02700000,0.16600000,0.16818145
triangle,FS-EDMD-LQR,147,147,30.05910000,-0.73900000,2.76000000,-0.76100000,2.92600000,-0.73900000,2.76000000,-0.02200000,0.16600000,0.16745149
triangle,FS-EDMD-LQR,148,148,30.26760000,-0.70300000,2.62200000,-0.73000000,2.78800000,-0.70300000,2.62200000,-0.02700000,0.16600000,0.16818145
triangle,FS-EDMD-LQR,149,149,30.47070000,-0.66600000,2.48400000,-0.70100000,2.65000000,-0.66600000,2.48400000,-0.03500000,0.16600000,0.16964964
triangle,FS-EDMD-LQR,150,150,30.67410000,-0.62900000,2.34600000,-0.65700000,2.51700000,-0.62900000,2.34600000,-0.02800000,0.17100000,0.17327723
triangle,FS-EDMD-LQR,151,151,30.87910000,-0.59200000,2.20800000,-0.61800000,2.38100000,-0.59200000,2.20800000,-0.02600000,0.17300000,0.17494285
triangle,FS-EDMD-LQR,152,152,31.08430000,-0.55500000,2.07000000,-0.59300000,2.24400000,-0.55500000,2.07000000,-0.03800000,0.17400000,0.17810109
triangle,FS-EDMD-LQR,153,153,31.28790000,-0.51800000,1.93200000,-0.55700000,2.10100000,-0.51800000,1.93200000,-0.03900000,0.16900000,0.17344163
triangle,FS-EDMD-LQR,154,154,31.49260000,-0.48100000,1.79400000,-0.50400000,1.95000000,-0.48100000,1.79400000,-0.02300000,0.15600000,0.15768640
triangle,FS-EDMD-LQR,155,155,31.69740000,-0.44400000,1.65600000,-0.47100000,1.83000000,-0.44400000,1.65600000,-0.02700000,0.17400000,0.17608237
triangle,FS-EDMD-LQR,156,156,31.88830000,-0.40700000,1.51800000,-0.44000000,1.69200000,-0.40700000,1.51800000,-0.03300000,0.17400000,0.17710167
triangle,FS-EDMD-LQR,157,157,32.09140000,-0.37000000,1.38000000,-0.39300000,1.52700000,-0.37000000,1.38000000,-0.02300000,0.14700000,0.14878844
triangle,FS-EDMD-LQR,158,158,32.29420000,-0.33300000,1.24200000,-0.35700000,1.40100000,-0.33300000,1.24200000,-0.02400000,0.15900000,0.16080112
triangle,FS-EDMD-LQR,159,159,32.49740000,-0.29600000,1.10400000,-0.31700000,1.27300000,-0.29600000,1.10400000,-0.02100000,0.16900000,0.17029974
triangle,FS-EDMD-LQR,160,160,32.70100000,-0.25900000,0.96600000,-0.28800000,1.13500000,-0.25900000,0.96600000,-0.02900000,0.16900000,0.17147011
triangle,FS-EDMD-LQR,161,161,32.90610000,-0.22200000,0.82800000,-0.23700000,0.98700000,-0.22200000,0.82800000,-0.01500000,0.15900000,0.15970598
triangle,FS-EDMD-LQR,162,162,33.12160000,-0.18500000,0.69000000,-0.19200000,0.79800000,-0.18500000,0.69000000,-0.00700000,0.10800000,0.10822661
triangle,FS-EDMD-LQR,163,163,33.32170000,-0.14800000,0.55200000,-0.18200000,0.66600000,-0.14800000,0.55200000,-0.03400000,0.11400000,0.11896218
triangle,FS-EDMD-LQR,164,164,33.52260000,-0.11100000,0.41400000,-0.13300000,0.55800000,-0.11100000,0.41400000,-0.02200000,0.14400000,0.14567086
triangle,FS-EDMD-LQR,165,165,33.72530000,-0.07400000,0.27600000,-0.09800000,0.44200000,-0.07400000,0.27600000,-0.02400000,0.16600000,0.16772597
triangle,FS-EDMD-LQR,166,166,33.92420000,-0.03700000,0.13800000,-0.04700000,0.31000000,-0.03700000,0.13800000,-0.01000000,0.17200000,0.17229045
triangle,FS-EDMD-LQR,167,167,34.12510000,0.00000000,0.00000000,-0.01100000,0.15500000,0.00000000,0.00000000,-0.01100000,0.15500000,0.15538983
triangle,FS-EDMD-LQR,168,168,34.32500000,-0.13800000,0.03700000,0.00300000,0.00600000,-0.13800000,0.03700000,0.14100000,-0.03100000,0.14436759
triangle,FS-EDMD-LQR,169,169,34.53030000,-0.27600000,0.07400000,-0.03600000,-0.07200000,-0.27600000,0.07400000,0.24000000,-0.14600000,0.28091992
triangle,FS-EDMD-LQR,170,170,34.73580000,-0.41400000,0.11100000,-0.17600000,-0.01700000,-0.41400000,0.11100000,0.23800000,-0.12800000,0.27023693
triangle,FS-EDMD-LQR,171,171,34.94160000,-0.55200000,0.14800000,-0.36800000,0.08400000,-0.55200000,0.14800000,0.18400000,-0.06400000,0.19481273
triangle,FS-EDMD-LQR,172,172,35.14540000,-0.69000000,0.18500000,-0.53000000,0.16100000,-0.69000000,0.18500000,0.16000000,-0.02400000,0.16178999
triangle,FS-EDMD-LQR,173,173,35.35040000,-0.82800000,0.22200000,-0.68300000,0.18300000,-0.82800000,0.22200000,0.14500000,-0.03900000,0.15015326
triangle,FS-EDMD-LQR,174,174,35.55530000,-0.96600000,0.25900000,-0.81500000,0.20000000,-0.96600000,0.25900000,0.15100000,-0.05900000,0.16211724
triangle,FS-EDMD-LQR,175,175,35.74650000,-1.10400000,0.29600000,-0.94100000,0.22200000,-1.10400000,0.29600000,0.16300000,-0.07400000,0.17901117
triangle,FS-EDMD-LQR,176,176,35.94930000,-1.24200000,0.33300000,-1.06800000,0.27000000,-1.24200000,0.33300000,0.17400000,-0.06300000,0.18505405
triangle,FS-EDMD-LQR,177,177,36.15430000,-1.38000000,0.37000000,-1.19800000,0.32000000,-1.38000000,0.37000000,0.18200000,-0.05000000,0.18874321
triangle,FS-EDMD-LQR,178,178,36.35750000,-1.51800000,0.40700000,-1.32900000,0.34900000,-1.51800000,0.40700000,0.18900000,-0.05800000,0.19769927
triangle,FS-EDMD-LQR,179,179,36.55900000,-1.65600000,0.44400000,-1.46500000,0.39000000,-1.65600000,0.44400000,0.19100000,-0.05400000,0.19848678
triangle,FS-EDMD-LQR,180,180,36.76310000,-1.79400000,0.48100000,-1.61100000,0.41800000,-1.79400000,0.48100000,0.18300000,-0.06300000,0.19354069
triangle,FS-EDMD-LQR,181,181,36.96620000,-1.93200000,0.51800000,-1.76200000,0.45000000,-1.93200000,0.51800000,0.17000000,-0.06800000,0.18309560
triangle,FS-EDMD-LQR,182,182,37.16910000,-2.07000000,0.55500000,-1.89300000,0.49000000,-2.07000000,0.55500000,0.17700000,-0.06500000,0.18855768
triangle,FS-EDMD-LQR,183,183,37.37140000,-2.20800000,0.59200000,-2.02300000,0.54500000,-2.20800000,0.59200000,0.18500000,-0.04700000,0.19087692
triangle,FS-EDMD-LQR,184,184,37.58730000,-2.34600000,0.62900000,-2.22700000,0.58600000,-2.34600000,0.62900000,0.11900000,-0.04300000,0.12653063
triangle,FS-EDMD-LQR,185,185,37.78740000,-2.48400000,0.66600000,-2.34000000,0.60400000,-2.48400000,0.66600000,0.14400000,-0.06200000,0.15678010
triangle,FS-EDMD-LQR,186,186,37.98720000,-2.62200000,0.70300000,-2.43500000,0.63700000,-2.62200000,0.70300000,0.18700000,-0.06600000,0.19830532
triangle,FS-EDMD-LQR,187,187,38.18730000,-2.76000000,0.73900000,-2.56600000,0.68100000,-2.76000000,0.73900000,0.19400000,-0.05800000,0.20248457
triangle,FS-EDMD-LQR,188,188,38.39100000,-2.89800000,0.77600000,-2.71000000,0.71700000,-2.89800000,0.77600000,0.18800000,-0.05900000,0.19704060
triangle,FS-EDMD-LQR,189,189,38.59110000,-3.03600000,0.81300000,-2.84800000,0.75300000,-3.03600000,0.81300000,0.18800000,-0.06000000,0.19734234
triangle,FS-EDMD-LQR,190,190,38.79740000,-3.17400000,0.85000000,-2.98600000,0.79400000,-3.17400000,0.85000000,0.18800000,-0.05600000,0.19616320
triangle,FS-EDMD-LQR,191,191,39.00250000,-3.31200000,0.88700000,-3.13400000,0.83400000,-3.31200000,0.88700000,0.17800000,-0.05300000,0.18572291
triangle,FS-EDMD-LQR,192,192,39.20660000,-3.45000000,0.92400000,-3.27300000,0.86800000,-3.45000000,0.92400000,0.17700000,-0.05600000,0.18564752
triangle,FS-EDMD-LQR,193,193,39.41100000,-3.58800000,0.96100000,-3.40300000,0.89100000,-3.58800000,0.96100000,0.18500000,-0.07000000,0.19780040
triangle,FS-EDMD-LQR,194,194,39.61490000,-3.72600000,0.99800000,-3.55300000,0.92800000,-3.72600000,0.99800000,0.17300000,-0.07000000,0.18662529
triangle,FS-EDMD-LQR,195,195,39.81940000,-3.86400000,1.03500000,-3.69400000,0.97700000,-3.86400000,1.03500000,0.17000000,-0.05800000,0.17962182
triangle,FS-EDMD-LQR,196,196,40.02270000,-4.00200000,1.07200000,-3.82200000,1.01300000,-4.00200000,1.07200000,0.18000000,-0.05900000,0.18942281
triangle,FS-EDMD-LQR,197,197,40.22520000,-4.14000000,1.10900000,-3.96300000,1.05000000,-4.14000000,1.10900000,0.17700000,-0.05900000,0.18657438
triangle,FS-EDMD-LQR,198,198,40.41700000,-4.27800000,1.14600000,-4.10300000,1.07600000,-4.27800000,1.14600000,0.17500000,-0.07000000,0.18848077
triangle,FS-EDMD-LQR,199,199,40.62250000,-4.41600000,1.18300000,-4.24200000,1.10800000,-4.41600000,1.18300000,0.17400000,-0.07500000,0.18947559
triangle,FS-EDMD-LQR,200,200,40.82510000,-4.55400000,1.22000000,-4.37100000,1.15200000,-4.55400000,1.22000000,0.18300000,-0.06800000,0.19522551
triangle,FS-EDMD-LQR,201,201,41.03050000,-4.69200000,1.25700000,-4.52900000,1.19200000,-4.69200000,1.25700000,0.16300000,-0.06500000,0.17548219
triangle,FS-EDMD-LQR,202,202,41.23570000,-4.83000000,1.29400000,-4.67300000,1.21100000,-4.83000000,1.29400000,0.15700000,-0.08300000,0.17758941
triangle,FS-EDMD-LQR,203,203,41.45370000,-4.96800000,1.33100000,-4.84200000,1.26200000,-4.96800000,1.33100000,0.12600000,-0.06900000,0.14365584
triangle,FS-EDMD-LQR,204,204,41.65450000,-5.10600000,1.36800000,-4.98100000,1.28600000,-5.10600000,1.36800000,0.12500000,-0.08200000,0.14949582
triangle,FS-EDMD-LQR,205,205,41.85450000,-5.24400000,1.40500000,-5.09400000,1.33500000,-5.24400000,1.40500000,0.15000000,-0.07000000,0.16552945
triangle,FS-EDMD-LQR,206,206,42.05370000,-5.38200000,1.44200000,-5.21700000,1.38500000,-5.38200000,1.44200000,0.16500000,-0.05700000,0.17456804
triangle,FS-EDMD-LQR,207,207,42.25710000,-5.52000000,1.47900000,-5.34700000,1.43200000,-5.52000000,1.47900000,0.17300000,-0.04700000,0.17927074
triangle,FS-EDMD-LQR,208,208,42.45730000,-5.65800000,1.51600000,-5.51400000,1.44800000,-5.65800000,1.51600000,0.14400000,-0.06800000,0.15924823
triangle,FS-EDMD-LQR,209,209,42.65750000,-5.79600000,1.55300000,-5.63400000,1.48300000,-5.79600000,1.55300000,0.16200000,-0.07000000,0.17647663
triangle,FS-EDMD-LQR,210,210,42.85670000,-5.93400000,1.59000000,-5.74900000,1.52100000,-5.93400000,1.59000000,0.18500000,-0.06900000,0.19744873
triangle,FS-EDMD-LQR,211,211,43.05930000,-6.07200000,1.62700000,-5.88900000,1.55300000,-6.07200000,1.62700000,0.18300000,-0.07400000,0.19739554
triangle,FS-EDMD-LQR,212,212,43.26420000,-6.21000000,1.66400000,-6.04900000,1.59600000,-6.21000000,1.66400000,0.16100000,-0.06800000,0.17477128
triangle,FS-EDMD-LQR,213,213,43.46670000,-6.34800000,1.70100000,-6.18200000,1.64300000,-6.34800000,1.70100000,0.16600000,-0.05800000,0.17584084
triangle,FS-EDMD-LQR,214,214,43.67120000,-6.48600000,1.73800000,-6.32200000,1.67400000,-6.48600000,1.73800000,0.16400000,-0.06400000,0.17604545
triangle,FS-EDMD-LQR,215,215,43.87640000,-6.62300000,1.77500000,-6.47900000,1.72200000,-6.62300000,1.77500000,0.14400000,-0.05300000,0.15344380
triangle,FS-EDMD-LQR,216,216,44.08270000,-6.76100000,1.81200000,-6.61000000,1.76600000,-6.76100000,1.81200000,0.15100000,-0.04600000,0.15785120
triangle,FS-EDMD-LQR,217,217,44.28690000,-6.89900000,1.84900000,-6.71600000,1.77700000,-6.89900000,1.84900000,0.18300000,-0.07200000,0.19665452
triangle,FS-EDMD-LQR,218,218,44.49120000,-7.03700000,1.88600000,-6.86100000,1.81700000,-7.03700000,1.88600000,0.17600000,-0.06900000,0.18904232
triangle,FS-EDMD-LQR,219,219,44.69640000,-7.17500000,1.92300000,-7.02000000,1.86300000,-7.17500000,1.92300000,0.15500000,-0.06000000,0.16620770
triangle,FS-EDMD-LQR,220,220,44.88630000,-7.31300000,1.96000000,-7.14400000,1.90800000,-7.31300000,1.96000000,0.16900000,-0.05200000,0.17681912
triangle,FS-EDMD-LQR,221,221,45.09280000,-7.45100000,1.99700000,-7.28800000,1.94500000,-7.45100000,1.99700000,0.16300000,-0.05200000,0.17109354
triangle,FS-EDMD-LQR,222,222,45.29560000,-7.58900000,2.03400000,-7.44400000,1.96600000,-7.58900000,2.03400000,0.14500000,-0.06800000,0.16015305
triangle,FS-EDMD-LQR,223,223,45.50120000,-7.72700000,2.07100000,-7.56800000,2.00700000,-7.72700000,2.07100000,0.15900000,-0.06400000,0.17139720
triangle,FS-EDMD-LQR,224,224,45.70690000,-7.69000000,1.93300000,-7.70700000,2.05400000,-7.69000000,1.93300000,-0.01700000,0.12100000,0.12218838
triangle,FS-EDMD-LQR,225,225,45.92020000,-7.65300000,1.79500000,-7.83700000,2.01800000,-7.65300000,1.79500000,-0.18400000,0.22300000,0.28911071
triangle,FS-EDMD-LQR,226,226,46.12080000,-7.61600000,1.65700000,-7.76600000,1.91300000,-7.61600000,1.65700000,-0.15000000,0.25600000,0.29670861
triangle,FS-EDMD-LQR,227,227,46.32040000,-7.58000000,1.51900000,-7.59700000,1.76800000,-7.58000000,1.51900000,-0.01700000,0.24900000,0.24957965
triangle,FS-EDMD-LQR,228,228,46.52400000,-7.54300000,1.38100000,-7.51800000,1.58600000,-7.54300000,1.38100000,0.02500000,0.20500000,0.20651876
triangle,FS-EDMD-LQR,229,229,46.72380000,-7.50600000,1.24300000,-7.50800000,1.42500000,-7.50600000,1.24300000,-0.00200000,0.18200000,0.18201099
triangle,FS-EDMD-LQR,230,230,46.92340000,-7.46900000,1.10500000,-7.49700000,1.27900000,-7.46900000,1.10500000,-0.02800000,0.17400000,0.17623847
triangle,FS-EDMD-LQR,231,231,47.12440000,-7.43200000,0.96700000,-7.46300000,1.12200000,-7.43200000,0.96700000,-0.03100000,0.15500000,0.15806960
triangle,FS-EDMD-LQR,232,232,47.32380000,-7.39500000,0.82900000,-7.41600000,0.99200000,-7.39500000,0.82900000,-0.02100000,0.16300000,0.16434719
triangle,FS-EDMD-LQR,233,233,47.53480000,-7.35800000,0.69100000,-7.38300000,0.86000000,-7.35800000,0.69100000,-0.02500000,0.16900000,0.17083911
triangle,FS-EDMD-LQR,234,234,47.73960000,-7.32100000,0.55300000,-7.34200000,0.71900000,-7.32100000,0.55300000,-0.02100000,0.16600000,0.16732304
triangle,FS-EDMD-LQR,235,235,47.94460000,-7.28400000,0.41500000,-7.30700000,0.57100000,-7.28400000,0.41500000,-0.02300000,0.15600000,0.15768640
triangle,FS-EDMD-LQR,236,236,48.15100000,-7.24700000,0.27700000,-7.27500000,0.44300000,-7.24700000,0.27700000,-0.02800000,0.16600000,0.16834488
triangle,FS-EDMD-LQR,237,237,48.35600000,-7.21000000,0.13900000,-7.22500000,0.31400000,-7.21000000,0.13900000,-0.01500000,0.17500000,0.17564168
triangle,FS-EDMD-LQR,238,238,48.56120000,-7.17300000,0.00100000,-7.19800000,0.19500000,-7.17300000,0.00100000,-0.02500000,0.19400000,0.19560419
triangle,FS-EDMD-LQR,239,239,48.76630000,-7.13600000,-0.13700000,-7.14700000,0.05100000,-7.13600000,-0.13700000,-0.01100000,0.18800000,0.18832153
triangle,FS-EDMD-LQR,240,240,48.97370000,-7.09900000,-0.27500000,-7.11000000,-0.08500000,-7.09900000,-0.27500000,-0.01100000,0.19000000,0.19031815
triangle,FS-EDMD-LQR,241,241,49.18670000,-7.06200000,-0.41300000,-7.07400000,-0.29300000,-7.06200000,-0.41300000,-0.01200000,0.12000000,0.12059851
triangle,FS-EDMD-LQR,242,242,49.38720000,-7.02500000,-0.55100000,-7.05000000,-0.42300000,-7.02500000,-0.55100000,-0.02500000,0.12800000,0.13041856
triangle,FS-EDMD-LQR,243,243,49.58700000,-6.98800000,-0.68900000,-7.01900000,-0.53500000,-6.98800000,-0.68900000,-0.03100000,0.15400000,0.15708915
triangle,FS-EDMD-LQR,244,244,49.79120000,-6.95100000,-0.82700000,-6.96900000,-0.66600000,-6.95100000,-0.82700000,-0.01800000,0.16100000,0.16200309
triangle,FS-EDMD-LQR,245,245,49.98990000,-6.91400000,-0.96500000,-6.93800000,-0.79700000,-6.91400000,-0.96500000,-0.02400000,0.16800000,0.16970563
triangle,FS-EDMD-LQR,246,246,50.18980000,-6.87700000,-1.10300000,-6.90300000,-0.92600000,-6.87700000,-1.10300000,-0.02600000,0.17700000,0.17889941
triangle,FS-EDMD-LQR,247,247,50.38710000,-6.84000000,-1.24100000,-6.87400000,-1.05100000,-6.84000000,-1.24100000,-0.03400000,0.19000000,0.19301813
triangle,FS-EDMD-LQR,248,248,50.59080000,-6.80300000,-1.37900000,-6.82500000,-1.20600000,-6.80300000,-1.37900000,-0.02200000,0.17300000,0.17439323
triangle,FS-EDMD-LQR,249,249,50.79550000,-6.76600000,-1.51700000,-6.79300000,-1.35600000,-6.76600000,-1.51700000,-0.02700000,0.16100000,0.16324828
triangle,FS-EDMD-LQR,250,250,50.99950000,-6.72900000,-1.65500000,-6.76600000,-1.47400000,-6.72900000,-1.65500000,-0.03700000,0.18100000,0.18474306
triangle,FS-EDMD-LQR,251,251,51.20440000,-6.69200000,-1.79300000,-6.71000000,-1.61000000,-6.69200000,-1.79300000,-0.01800000,0.18300000,0.18388312
triangle,FS-EDMD-LQR,252,252,51.40840000,-6.65500000,-1.93100000,-6.68200000,-1.76200000,-6.65500000,-1.93100000,-0.02700000,0.16900000,0.17114321
triangle,FS-EDMD-LQR,253,253,51.61130000,-6.61800000,-2.06900000,-6.64700000,-1.91000000,-6.61800000,-2.06900000,-0.02900000,0.15900000,0.16162302
triangle,FS-EDMD-LQR,254,254,51.81480000,-6.58100000,-2.20700000,-6.61000000,-2.04400000,-6.58100000,-2.20700000,-0.02900000,0.16300000,0.16555966
triangle,FS-EDMD-LQR,255,255,52.02070000,-6.54400000,-2.34500000,-6.56800000,-2.18600000,-6.54400000,-2.34500000,-0.02400000,0.15900000,0.16080112
triangle,FS-EDMD-LQR,256,256,52.22680000,-6.50700000,-2.48300000,-6.53400000,-2.31600000,-6.50700000,-2.48300000,-0.02700000,0.16700000,0.16916855
triangle,FS-EDMD-LQR,257,257,52.43210000,-6.47000000,-2.62100000,-6.50900000,-2.43800000,-6.47000000,-2.62100000,-0.03900000,0.18300000,0.18710959
triangle,FS-EDMD-LQR,258,258,52.62090000,-6.43300000,-2.75900000,-6.45400000,-2.56700000,-6.43300000,-2.75900000,-0.02100000,0.19200000,0.19314502
triangle,FS-EDMD-LQR,259,259,52.82720000,-6.39600000,-2.89700000,-6.42100000,-2.71700000,-6.39600000,-2.89700000,-0.02500000,0.18000000,0.18172782
triangle,FS-EDMD-LQR,260,260,53.03240000,-6.35900000,-3.03500000,-6.39300000,-2.86600000,-6.35900000,-3.03500000,-0.03400000,0.16900000,0.17238619
triangle,FS-EDMD-LQR,261,261,53.23760000,-6.32200000,-3.17300000,-6.34500000,-3.00200000,-6.32200000,-3.17300000,-0.02300000,0.17100000,0.17253985
triangle,FS-EDMD-LQR,262,262,53.45370000,-6.28500000,-3.31100000,-6.29900000,-3.18700000,-6.28500000,-3.31100000,-0.01400000,0.12400000,0.12478782
triangle,FS-EDMD-LQR,263,263,53.65300000,-6.24800000,-3.44900000,-6.28300000,-3.30800000,-6.24800000,-3.44900000,-0.03500000,0.14100000,0.14527904
triangle,FS-EDMD-LQR,264,264,53.85340000,-6.21100000,-3.58700000,-6.24000000,-3.43400000,-6.21100000,-3.58700000,-0.02900000,0.15300000,0.15572412
triangle,FS-EDMD-LQR,265,265,54.05830000,-6.17400000,-3.72500000,-6.20900000,-3.56100000,-6.17400000,-3.72500000,-0.03500000,0.16400000,0.16769317
triangle,FS-EDMD-LQR,266,266,54.25320000,-6.13800000,-3.86300000,-6.16000000,-3.69700000,-6.13800000,-3.86300000,-0.02200000,0.16600000,0.16745149
triangle,FS-EDMD-LQR,267,267,54.45480000,-6.10100000,-4.00100000,-6.12400000,-3.81900000,-6.10100000,-4.00100000,-0.02300000,0.18200000,0.18344754
triangle,FS-EDMD-LQR,268,268,54.65680000,-6.06400000,-4.13900000,-6.08200000,-3.95900000,-6.06400000,-4.13900000,-0.01800000,0.18000000,0.18089776
triangle,FS-EDMD-LQR,269,269,54.85630000,-6.02700000,-4.27700000,-6.03600000,-4.11600000,-6.02700000,-4.27700000,-0.00900000,0.16100000,0.16125136
triangle,FS-EDMD-LQR,270,270,55.06190000,-5.99000000,-4.41500000,-6.01500000,-4.26000000,-5.99000000,-4.41500000,-0.02500000,0.15500000,0.15700318
triangle,FS-EDMD-LQR,271,271,55.26780000,-5.95300000,-4.55300000,-5.96400000,-4.38100000,-5.95300000,-4.55300000,-0.01100000,0.17200000,0.17235139
triangle,FS-EDMD-LQR,272,272,55.47400000,-5.91600000,-4.69100000,-5.93400000,-4.51100000,-5.91600000,-4.69100000,-0.01800000,0.18000000,0.18089776
triangle,FS-EDMD-LQR,273,273,55.67650000,-5.87900000,-4.82900000,-5.89300000,-4.65100000,-5.87900000,-4.82900000,-0.01400000,0.17800000,0.17854971
triangle,FS-EDMD-LQR,274,274,55.88260000,-5.84200000,-4.96700000,-5.85700000,-4.78100000,-5.84200000,-4.96700000,-0.01500000,0.18600000,0.18660386
triangle,FS-EDMD-LQR,275,275,56.08630000,-5.80500000,-5.10500000,-5.82100000,-4.90700000,-5.80500000,-5.10500000,-0.01600000,0.19800000,0.19864541
triangle,FS-EDMD-LQR,276,276,56.29150000,-5.76800000,-5.24300000,-5.77500000,-5.04900000,-5.76800000,-5.24300000,-0.00700000,0.19400000,0.19412625
triangle,FS-EDMD-LQR,277,277,56.48210000,-5.73100000,-5.38100000,-5.74600000,-5.19700000,-5.73100000,-5.38100000,-0.01500000,0.18400000,0.18461040
triangle,FS-EDMD-LQR,278,278,56.68520000,-5.69400000,-5.51900000,-5.72500000,-5.33000000,-5.69400000,-5.51900000,-0.03100000,0.18900000,0.19152546
triangle,FS-EDMD-LQR,279,279,56.89040000,-5.65700000,-5.65700000,-5.67300000,-5.46800000,-5.65700000,-5.65700000,-0.01600000,0.18900000,0.18967604
triangle,FS-EDMD-LQR,280,280,57.09460000,-5.55400000,-5.55400000,-5.63000000,-5.61700000,-5.55400000,-5.55400000,-0.07600000,-0.06300000,0.09871677
triangle,FS-EDMD-LQR,281,281,57.29890000,-5.45100000,-5.45100000,-5.58300000,-5.71300000,-5.45100000,-5.45100000,-0.13200000,-0.26200000,0.29337348
triangle,FS-EDMD-LQR,282,282,57.50410000,-5.34800000,-5.34800000,-5.52500000,-5.67800000,-5.34800000,-5.34800000,-0.17700000,-0.33000000,0.37447163
triangle,FS-EDMD-LQR,283,283,57.70900000,-5.24500000,-5.24500000,-5.42100000,-5.48600000,-5.24500000,-5.24500000,-0.17600000,-0.24100000,0.29842419
triangle,FS-EDMD-LQR,284,284,57.91360000,-5.14300000,-5.14300000,-5.31700000,-5.29400000,-5.14300000,-5.14300000,-0.17400000,-0.15100000,0.23038446
triangle,FS-EDMD-LQR,285,285,58.12440000,-5.04000000,-5.04000000,-5.16900000,-5.06800000,-5.04000000,-5.04000000,-0.12900000,-0.02800000,0.13200379
triangle,FS-EDMD-LQR,286,286,58.32900000,-4.93700000,-4.93700000,-5.04800000,-4.98900000,-4.93700000,-4.93700000,-0.11100000,-0.05200000,0.12257651
triangle,FS-EDMD-LQR,287,287,58.53280000,-4.83400000,-4.83400000,-4.94300000,-4.92600000,-4.83400000,-4.83400000,-0.10900000,-0.09200000,0.14263590
triangle,FS-EDMD-LQR,288,288,58.72640000,-4.73100000,-4.73100000,-4.89000000,-4.86200000,-4.73100000,-4.73100000,-0.15900000,-0.13100000,0.20601456
triangle,FS-EDMD-LQR,289,289,58.92110000,-4.62800000,-4.62800000,-4.77900000,-4.73300000,-4.62800000,-4.62800000,-0.15100000,-0.10500000,0.18391846
triangle,FS-EDMD-LQR,290,290,59.12330000,-4.52500000,-4.52500000,-4.66600000,-4.59900000,-4.52500000,-4.52500000,-0.14100000,-0.07400000,0.15923881
triangle,FS-EDMD-LQR,291,291,59.33330000,-4.42300000,-4.42300000,-4.54200000,-4.50500000,-4.42300000,-4.42300000,-0.11900000,-0.08200000,0.14451644
triangle,FS-EDMD-LQR,292,292,59.52960000,-4.32000000,-4.32000000,-4.44500000,-4.44300000,-4.32000000,-4.32000000,-0.12500000,-0.12300000,0.17536818
triangle,FS-EDMD-LQR,293,293,59.73840000,-4.21700000,-4.21700000,-4.35100000,-4.29300000,-4.21700000,-4.21700000,-0.13400000,-0.07600000,0.15405194
triangle,FS-EDMD-LQR,294,294,59.93320000,-4.11400000,-4.11400000,-4.29600000,-4.16800000,-4.11400000,-4.11400000,-0.18200000,-0.05400000,0.18984204
triangle,FS-EDMD-LQR,295,295,60.13600000,-4.01100000,-4.01100000,-4.15800000,-4.09100000,-4.01100000,-4.01100000,-0.14700000,-0.08000000,0.16735890
triangle,FS-EDMD-LQR,296,296,60.34060000,-3.90800000,-3.90800000,-4.03500000,-4.02000000,-3.90800000,-3.90800000,-0.12700000,-0.11200000,0.16933104
triangle,FS-EDMD-LQR,297,297,60.54450000,-3.80600000,-3.80600000,-3.94200000,-3.94400000,-3.80600000,-3.80600000,-0.13600000,-0.13800000,0.19375242
triangle,FS-EDMD-LQR,298,298,60.74710000,-3.70300000,-3.70300000,-3.88400000,-3.80900000,-3.70300000,-3.70300000,-0.18100000,-0.10600000,0.20975462
triangle,FS-EDMD-LQR,299,299,60.95200000,-3.60000000,-3.60000000,-3.77300000,-3.68200000,-3.60000000,-3.60000000,-0.17300000,-0.08200000,0.19144973
triangle,FS-EDMD-LQR,300,300,61.15530000,-3.49700000,-3.49700000,-3.65000000,-3.54500000,-3.49700000,-3.49700000,-0.15300000,-0.04800000,0.16035274
triangle,FS-EDMD-LQR,301,301,61.35880000,-3.39400000,-3.39400000,-3.52400000,-3.47200000,-3.39400000,-3.39400000,-0.13000000,-0.07800000,0.15160475
triangle,FS-EDMD-LQR,302,302,61.56330000,-3.29100000,-3.29100000,-3.42400000,-3.40400000,-3.29100000,-3.29100000,-0.13300000,-0.11300000,0.17452220
triangle,FS-EDMD-LQR,303,303,61.76790000,-3.18800000,-3.18800000,-3.31300000,-3.27300000,-3.18800000,-3.18800000,-0.12500000,-0.08500000,0.15116216
triangle,FS-EDMD-LQR,304,304,61.97640000,-3.08600000,-3.08600000,-3.21900000,-3.14700000,-3.08600000,-3.08600000,-0.13300000,-0.06100000,0.14632156
triangle,FS-EDMD-LQR,305,305,62.17990000,-2.98300000,-2.98300000,-3.17000000,-3.06700000,-2.98300000,-2.98300000,-0.18700000,-0.08400000,0.20500000
triangle,FS-EDMD-LQR,306,306,62.38630000,-2.88000000,-2.88000000,-3.02800000,-2.96000000,-2.88000000,-2.88000000,-0.14800000,-0.08000000,0.16823793
triangle,FS-EDMD-LQR,307,307,62.58890000,-2.77700000,-2.77700000,-2.90800000,-2.84500000,-2.77700000,-2.77700000,-0.13100000,-0.06800000,0.14759743
triangle,FS-EDMD-LQR,308,308,62.78910000,-2.67400000,-2.67400000,-2.80000000,-2.77400000,-2.67400000,-2.67400000,-0.12600000,-0.10000000,0.16086019
triangle,FS-EDMD-LQR,309,309,62.98660000,-2.57100000,-2.57100000,-2.70800000,-2.69600000,-2.57100000,-2.57100000,-0.13700000,-0.12500000,0.18545619
triangle,FS-EDMD-LQR,310,310,63.18570000,-2.46800000,-2.46800000,-2.61400000,-2.55900000,-2.46800000,-2.46800000,-0.14600000,-0.09100000,0.17203779
triangle,FS-EDMD-LQR,311,311,63.38930000,-2.36600000,-2.36600000,-2.50100000,-2.44400000,-2.36600000,-2.36600000,-0.13500000,-0.07800000,0.15591344
triangle,FS-EDMD-LQR,312,312,63.59760000,-2.26300000,-2.26300000,-2.39800000,-2.38300000,-2.26300000,-2.26300000,-0.13500000,-0.12000000,0.18062392
triangle,FS-EDMD-LQR,313,313,63.79900000,-2.16000000,-2.16000000,-2.31600000,-2.24000000,-2.16000000,-2.16000000,-0.15600000,-0.08000000,0.17531686
triangle,FS-EDMD-LQR,314,314,64.00650000,-2.05700000,-2.05700000,-2.21400000,-2.12200000,-2.05700000,-2.05700000,-0.15700000,-0.06500000,0.16992351
triangle,FS-EDMD-LQR,315,315,64.21090000,-1.95400000,-1.95400000,-2.10600000,-2.04500000,-1.95400000,-1.95400000,-0.15200000,-0.09100000,0.17715812
triangle,FS-EDMD-LQR,316,316,64.41470000,-1.85100000,-1.85100000,-1.97400000,-1.97600000,-1.85100000,-1.85100000,-0.12300000,-0.12500000,0.17536818
triangle,FS-EDMD-LQR,317,317,64.60810000,-1.74800000,-1.74800000,-1.87400000,-1.85300000,-1.74800000,-1.74800000,-0.12600000,-0.10500000,0.16401524
triangle,FS-EDMD-LQR,318,318,64.80890000,-1.64600000,-1.64600000,-1.78300000,-1.72700000,-1.64600000,-1.64600000,-0.13700000,-0.08100000,0.15915401
triangle,FS-EDMD-LQR,319,319,65.01540000,-1.54300000,-1.54300000,-1.73200000,-1.60400000,-1.54300000,-1.54300000,-0.18900000,-0.06100000,0.19860010
triangle,FS-EDMD-LQR,320,320,65.21990000,-1.44000000,-1.44000000,-1.60600000,-1.49900000,-1.44000000,-1.44000000,-0.16600000,-0.05900000,0.17617321
triangle,FS-EDMD-LQR,321,321,65.42680000,-1.33700000,-1.33700000,-1.46300000,-1.43800000,-1.33700000,-1.33700000,-0.12600000,-0.10100000,0.16148375
triangle,FS-EDMD-LQR,322,322,65.63140000,-1.23400000,-1.23400000,-1.36100000,-1.38800000,-1.23400000,-1.23400000,-0.12700000,-0.15400000,0.19961212
triangle,FS-EDMD-LQR,323,323,65.84170000,-1.13100000,-1.13100000,-1.26900000,-1.27900000,-1.13100000,-1.13100000,-0.13800000,-0.14800000,0.20235612
triangle,FS-EDMD-LQR,324,324,66.02680000,-1.02900000,-1.02900000,-1.21700000,-1.13700000,-1.02900000,-1.02900000,-0.18800000,-0.10800000,0.21681328
triangle,FS-EDMD-LQR,325,325,66.23000000,-0.92600000,-0.92600000,-1.08800000,-0.98400000,-0.92600000,-0.92600000,-0.16200000,-0.05800000,0.17206975
triangle,FS-EDMD-LQR,326,326,66.43500000,-0.82300000,-0.82300000,-0.94000000,-0.88300000,-0.82300000,-0.82300000,-0.11700000,-0.06000000,0.13148764
triangle,FS-EDMD-LQR,327,327,66.63720000,-0.72000000,-0.72000000,-0.83100000,-0.82600000,-0.72000000,-0.72000000,-0.11100000,-0.10600000,0.15348290
triangle,FS-EDMD-LQR,328,328,66.84250000,-0.61700000,-0.61700000,-0.71800000,-0.78600000,-0.61700000,-0.61700000,-0.10100000,-0.16900000,0.19688067
triangle,FS-EDMD-LQR,329,329,67.04640000,-0.51400000,-0.51400000,-0.65600000,-0.66100000,-0.51400000,-0.51400000,-0.14200000,-0.14700000,0.20438444
triangle,FS-EDMD-LQR,330,330,67.25410000,-0.41100000,-0.41100000,-0.54100000,-0.49600000,-0.41100000,-0.41100000,-0.13000000,-0.08500000,0.15532225
triangle,FS-EDMD-LQR,331,331,67.45990000,-0.30900000,-0.30900000,-0.40000000,-0.33700000,-0.30900000,-0.30900000,-0.09100000,-0.02800000,0.09521029
triangle,FS-EDMD-LQR,332,332,67.66010000,-0.20600000,-0.20600000,-0.30000000,-0.29100000,-0.20600000,-0.20600000,-0.09400000,-0.08500000,0.12673200
triangle,FS-EDMD-LQR,333,333,67.85660000,-0.10300000,-0.10300000,-0.23700000,-0.22300000,-0.10300000,-0.10300000,-0.13400000,-0.12000000,0.17987774
triangle,FS-EDMD-LQR,334,334,68.07780000,0.00000000,0.00000000,-0.11600000,-0.08000000,0.00000000,0.00000000,-0.11600000,-0.08000000,0.14091132
triangle,FS-EDMD-LQR,335,335,68.26890000,0.03800000,-0.14000000,-0.01100000,0.03700000,0.03800000,-0.14000000,-0.04900000,0.17700000,0.18365729
triangle,FS-EDMD-LQR,336,336,68.47260000,0.07500000,-0.28100000,0.08400000,0.09400000,0.07500000,-0.28100000,0.00900000,0.37500000,0.37510798
triangle,FS-EDMD-LQR,337,337,68.67500000,0.11300000,-0.42100000,0.13500000,-0.01400000,0.11300000,-0.42100000,0.02200000,0.40700000,0.40759416
triangle,FS-EDMD-LQR,338,338,68.87640000,0.15100000,-0.56200000,0.13800000,-0.26400000,0.15100000,-0.56200000,-0.01300000,0.29800000,0.29828342
triangle,FS-EDMD-LQR,339,339,69.08030000,0.18800000,-0.70200000,0.16800000,-0.50500000,0.18800000,-0.70200000,-0.02000000,0.19700000,0.19801263
triangle,FS-EDMD-LQR,340,340,69.28330000,0.22600000,-0.84300000,0.19800000,-0.69000000,0.22600000,-0.84300000,-0.02800000,0.15300000,0.15554099
triangle,FS-EDMD-LQR,341,341,69.48840000,0.26400000,-0.98300000,0.25400000,-0.84700000,0.26400000,-0.98300000,-0.01000000,0.13600000,0.13636715
triangle,FS-EDMD-LQR,342,342,69.69460000,0.30100000,-1.12400000,0.28400000,-0.96800000,0.30100000,-1.12400000,-0.01700000,0.15600000,0.15692355
triangle,FS-EDMD-LQR,343,343,69.89920000,0.33900000,-1.26400000,0.30800000,-1.09500000,0.33900000,-1.26400000,-0.03100000,0.16900000,0.17181967
triangle,FS-EDMD-LQR,344,344,70.10190000,0.37600000,-1.40500000,0.35300000,-1.22800000,0.37600000,-1.40500000,-0.02300000,0.17700000,0.17848809
triangle,FS-EDMD-LQR,345,345,70.30900000,0.41400000,-1.54500000,0.39100000,-1.36700000,0.41400000,-1.54500000,-0.02300000,0.17800000,0.17947980
triangle,FS-EDMD-LQR,346,346,70.53620000,0.45200000,-1.68600000,0.44700000,-1.55100000,0.45200000,-1.68600000,-0.00500000,0.13500000,0.13509256
triangle,FS-EDMD-LQR,347,347,70.72930000,0.48900000,-1.82600000,0.46700000,-1.68900000,0.48900000,-1.82600000,-0.02200000,0.13700000,0.13875518
triangle,FS-EDMD-LQR,348,348,70.92800000,0.52700000,-1.96700000,0.50500000,-1.82200000,0.52700000,-1.96700000,-0.02200000,0.14500000,0.14665947
triangle,FS-EDMD-LQR,349,349,71.13600000,0.56500000,-2.10700000,0.54400000,-1.94900000,0.56500000,-2.10700000,-0.02100000,0.15800000,0.15938946
triangle,FS-EDMD-LQR,350,350,71.32690000,0.60200000,-2.24800000,0.57400000,-2.08000000,0.60200000,-2.24800000,-0.02800000,0.16800000,0.17031735
triangle,FS-EDMD-LQR,351,351,71.53280000,0.64000000,-2.38800000,0.61900000,-2.22900000,0.64000000,-2.38800000,-0.02100000,0.15900000,0.16038080
triangle,FS-EDMD-LQR,352,352,71.73450000,0.67800000,-2.52900000,0.65700000,-2.36000000,0.67800000,-2.52900000,-0.02100000,0.16900000,0.17029974
triangle,FS-EDMD-LQR,353,353,71.94510000,0.71500000,-2.66900000,0.69400000,-2.49100000,0.71500000,-2.66900000,-0.02100000,0.17800000,0.17923448
triangle,FS-EDMD-LQR,354,354,72.14870000,0.75300000,-2.81000000,0.72600000,-2.59200000,0.75300000,-2.81000000,-0.02700000,0.21800000,0.21966566
triangle,FS-EDMD-LQR,355,355,72.35440000,0.79100000,-2.95000000,0.77400000,-2.75800000,0.79100000,-2.95000000,-0.01700000,0.19200000,0.19275113
triangle,FS-EDMD-LQR,356,356,72.55810000,0.82800000,-3.09100000,0.81600000,-2.92500000,0.82800000,-3.09100000,-0.01200000,0.16600000,0.16643317
triangle,FS-EDMD-LQR,357,357,72.76270000,0.86600000,-3.23100000,0.84300000,-3.06200000,0.86600000,-3.23100000,-0.02300000,0.16900000,0.17055791
triangle,FS-EDMD-LQR,358,358,72.96850000,0.90400000,-3.37200000,0.86500000,-3.20100000,0.90400000,-3.37200000,-0.03900000,0.17100000,0.17539099
triangle,FS-EDMD-LQR,359,359,73.17310000,0.94100000,-3.51200000,0.91500000,-3.36200000,0.94100000,-3.51200000,-0.02600000,0.15000000,0.15223666
triangle,FS-EDMD-LQR,360,360,73.37970000,0.97900000,-3.65300000,0.97200000,-3.49700000,0.97900000,-3.65300000,-0.00700000,0.15600000,0.15615697
triangle,FS-EDMD-LQR,361,361,73.58550000,1.01600000,-3.79300000,0.99700000,-3.67600000,1.01600000,-3.79300000,-0.01900000,0.11700000,0.11853270
triangle,FS-EDMD-LQR,362,362,73.79250000,1.05400000,-3.93400000,1.03400000,-3.81100000,1.05400000,-3.93400000,-0.02000000,0.12300000,0.12461541
triangle,FS-EDMD-LQR,363,363,73.99630000,1.09200000,-4.07400000,1.06200000,-3.87100000,1.09200000,-4.07400000,-0.03000000,0.20300000,0.20520478
triangle,FS-EDMD-LQR,364,364,74.19750000,1.12900000,-4.21500000,1.11100000,-4.02000000,1.12900000,-4.21500000,-0.01800000,0.19500000,0.19582901
triangle,FS-EDMD-LQR,365,365,74.39370000,1.16700000,-4.35500000,1.15900000,-4.17000000,1.16700000,-4.35500000,-0.00800000,0.18500000,0.18517289
triangle,FS-EDMD-LQR,366,366,74.59640000,1.20500000,-4.49600000,1.16800000,-4.32000000,1.20500000,-4.49600000,-0.03700000,0.17600000,0.17984716
triangle,FS-EDMD-LQR,367,367,74.80470000,1.24200000,-4.63600000,1.21600000,-4.47600000,1.24200000,-4.63600000,-0.02600000,0.16000000,0.16209874
triangle,FS-EDMD-LQR,368,368,75.00420000,1.28000000,-4.77700000,1.25300000,-4.61300000,1.28000000,-4.77700000,-0.02700000,0.16400000,0.16620770
triangle,FS-EDMD-LQR,369,369,75.19910000,1.31800000,-4.91700000,1.29100000,-4.72600000,1.31800000,-4.91700000,-0.02700000,0.19100000,0.19289894
triangle,FS-EDMD-LQR,370,370,75.40290000,1.35500000,-5.05800000,1.33200000,-4.88000000,1.35500000,-5.05800000,-0.02300000,0.17800000,0.17947980
triangle,FS-EDMD-LQR,371,371,75.60810000,1.39300000,-5.19800000,1.36100000,-5.01100000,1.39300000,-5.19800000,-0.03200000,0.18700000,0.18971821
triangle,FS-EDMD-LQR,372,372,75.81320000,1.43100000,-5.33900000,1.41000000,-5.17000000,1.43100000,-5.33900000,-0.02100000,0.16900000,0.17029974
triangle,FS-EDMD-LQR,373,373,76.01910000,1.46800000,-5.47900000,1.45000000,-5.31500000,1.46800000,-5.47900000,-0.01800000,0.16400000,0.16498485
triangle,FS-EDMD-LQR,374,374,76.22390000,1.50600000,-5.62000000,1.49100000,-5.46700000,1.50600000,-5.62000000,-0.01500000,0.15300000,0.15373354
triangle,FS-EDMD-LQR,375,375,76.42820000,1.54400000,-5.76000000,1.52000000,-5.60100000,1.54400000,-5.76000000,-0.02400000,0.15900000,0.16080112
triangle,FS-EDMD-LQR,376,376,76.63540000,1.58100000,-5.90100000,1.54500000,-5.73100000,1.58100000,-5.90100000,-0.03600000,0.17000000,0.17376996
triangle,FS-EDMD-LQR,377,377,76.82380000,1.61900000,-6.04100000,1.59500000,-5.88100000,1.61900000,-6.04100000,-0.02400000,0.16000000,0.16178999
triangle,FS-EDMD-LQR,378,378,77.02830000,1.65600000,-6.18200000,1.63200000,-6.01400000,1.65600000,-6.18200000,-0.02400000,0.16800000,0.16970563
triangle,FS-EDMD-LQR,379,379,77.23480000,1.69400000,-6.32200000,1.67700000,-6.15000000,1.69400000,-6.32200000,-0.01700000,0.17200000,0.17283807
triangle,FS-EDMD-LQR,380,380,77.44050000,1.73200000,-6.46300000,1.71300000,-6.29200000,1.73200000,-6.46300000,-0.01900000,0.17100000,0.17205232
triangle,FS-EDMD-LQR,381,381,77.64360000,1.76900000,-6.60300000,1.74300000,-6.46200000,1.76900000,-6.60300000,-0.02600000,0.14100000,0.14337713
triangle,FS-EDMD-LQR,382,382,77.86680000,1.80700000,-6.74400000,1.79200000,-6.62300000,1.80700000,-6.74400000,-0.01500000,0.12100000,0.12192621
triangle,FS-EDMD-LQR,383,383,78.06010000,1.84500000,-6.88400000,1.81800000,-6.74500000,1.84500000,-6.88400000,-0.02700000,0.13900000,0.14159802
triangle,FS-EDMD-LQR,384,384,78.25470000,1.88200000,-7.02500000,1.85700000,-6.81600000,1.88200000,-7.02500000,-0.02500000,0.20900000,0.21048990
triangle,FS-EDMD-LQR,385,385,78.46840000,1.92000000,-7.16500000,1.90600000,-6.99700000,1.92000000,-7.16500000,-0.01400000,0.16800000,0.16858232
triangle,FS-EDMD-LQR,386,386,78.66370000,1.95800000,-7.30600000,1.93700000,-7.13000000,1.95800000,-7.30600000,-0.02100000,0.17600000,0.17724841
triangle,FS-EDMD-LQR,387,387,78.85490000,1.99500000,-7.44600000,1.97200000,-7.27900000,1.99500000,-7.44600000,-0.02300000,0.16700000,0.16857639
triangle,FS-EDMD-LQR,388,388,79.06450000,2.03300000,-7.58700000,2.01100000,-7.44300000,2.03300000,-7.58700000,-0.02200000,0.14400000,0.14567086
triangle,FS-EDMD-LQR,389,389,79.27450000,2.07100000,-7.72700000,2.04700000,-7.55900000,2.07100000,-7.72700000,-0.02400000,0.16800000,0.16970563
triangle,FS-EDMD-LQR,390,390,79.46920000,2.17300000,-7.62500000,2.07700000,-7.68400000,2.17300000,-7.62500000,-0.09600000,-0.05900000,0.11268097
triangle,FS-EDMD-LQR,391,391,79.67020000,2.27600000,-7.52200000,2.13300000,-7.76400000,2.27600000,-7.52200000,-0.14300000,-0.24200000,0.28109251
triangle,FS-EDMD-LQR,392,392,79.87680000,2.37900000,-7.41900000,2.19200000,-7.68200000,2.37900000,-7.41900000,-0.18700000,-0.26300000,0.32270420
triangle,FS-EDMD-LQR,393,393,80.07480000,2.48200000,-7.31600000,2.30600000,-7.47500000,2.48200000,-7.31600000,-0.17600000,-0.15900000,0.23718558
triangle,FS-EDMD-LQR,394,394,80.28560000,2.58500000,-7.21300000,2.45800000,-7.29700000,2.58500000,-7.21300000,-0.12700000,-0.08400000,0.15226621
triangle,FS-EDMD-LQR,395,395,80.49090000,2.68800000,-7.11000000,2.58200000,-7.16900000,2.68800000,-7.11000000,-0.10600000,-0.05900000,0.12131364
triangle,FS-EDMD-LQR,396,396,80.69590000,2.79100000,-7.00700000,2.68100000,-7.10900000,2.79100000,-7.00700000,-0.11000000,-0.10200000,0.15001333
triangle,FS-EDMD-LQR,397,397,80.89970000,2.89300000,-6.90500000,2.74900000,-7.04600000,2.89300000,-6.90500000,-0.14400000,-0.14100000,0.20153660
triangle,FS-EDMD-LQR,398,398,81.10270000,2.99600000,-6.80200000,2.85300000,-6.91900000,2.99600000,-6.80200000,-0.14300000,-0.11700000,0.18476472
triangle,FS-EDMD-LQR,399,399,81.29260000,3.09900000,-6.69900000,2.97000000,-6.78100000,3.09900000,-6.69900000,-0.12900000,-0.08200000,0.15285614
triangle,FS-EDMD-LQR,400,400,81.49560000,3.20200000,-6.59600000,3.10000000,-6.66200000,3.20200000,-6.59600000,-0.10200000,-0.06600000,0.12149074
triangle,FS-EDMD-LQR,401,401,81.69860000,3.30500000,-6.49300000,3.21100000,-6.56400000,3.30500000,-6.49300000,-0.09400000,-0.07100000,0.11780068
triangle,FS-EDMD-LQR,402,402,81.90490000,3.40800000,-6.39000000,3.27300000,-6.51200000,3.40800000,-6.39000000,-0.13500000,-0.12200000,0.18195879
triangle,FS-EDMD-LQR,403,403,82.10720000,3.51000000,-6.28700000,3.33500000,-6.43200000,3.51000000,-6.28700000,-0.17500000,-0.14500000,0.22726636
triangle,FS-EDMD-LQR,404,404,82.32160000,3.61300000,-6.18500000,3.53600000,-6.25000000,3.61300000,-6.18500000,-0.07700000,-0.06500000,0.10076706
triangle,FS-EDMD-LQR,405,405,82.52730000,3.71600000,-6.08200000,3.62800000,-6.14400000,3.71600000,-6.08200000,-0.08800000,-0.06200000,0.10764757
triangle,FS-EDMD-LQR,406,406,82.74120000,3.81900000,-5.97900000,3.70200000,-6.08500000,3.81900000,-5.97900000,-0.11700000,-0.10600000,0.15787653
triangle,FS-EDMD-LQR,407,407,82.92280000,3.92200000,-5.87600000,3.74800000,-6.01800000,3.92200000,-5.87600000,-0.17400000,-0.14200000,0.22458851
triangle,FS-EDMD-LQR,408,408,83.12270000,4.02500000,-5.77300000,3.88500000,-5.88000000,4.02500000,-5.77300000,-0.14000000,-0.10700000,0.17620726
triangle,FS-EDMD-LQR,409,409,83.32330000,4.12800000,-5.67000000,4.02900000,-5.73300000,4.12800000,-5.67000000,-0.09900000,-0.06300000,0.11734564
triangle,FS-EDMD-LQR,410,410,83.53330000,4.23000000,-5.56800000,4.14900000,-5.63500000,4.23000000,-5.56800000,-0.08100000,-0.06700000,0.10511898
triangle,FS-EDMD-LQR,411,411,83.73700000,4.33300000,-5.46500000,4.20400000,-5.56400000,4.33300000,-5.46500000,-0.12900000,-0.09900000,0.16260996
triangle,FS-EDMD-LQR,412,412,83.94030000,4.43600000,-5.36200000,4.30700000,-5.50000000,4.43600000,-5.36200000,-0.12900000,-0.13800000,0.18890474
triangle,FS-EDMD-LQR,413,413,84.14500000,4.53900000,-5.25900000,4.42600000,-5.37100000,4.53900000,-5.25900000,-0.11300000,-0.11200000,0.15910060
triangle,FS-EDMD-LQR,414,414,84.34970000,4.64200000,-5.15600000,4.55500000,-5.25000000,4.64200000,-5.15600000,-0.08700000,-0.09400000,0.12808200
triangle,FS-EDMD-LQR,415,415,84.55380000,4.74500000,-5.05300000,4.61800000,-5.12100000,4.74500000,-5.05300000,-0.12700000,-0.06800000,0.14405902
triangle,FS-EDMD-LQR,416,416,84.75910000,4.84800000,-4.95000000,4.72400000,-5.03500000,4.84800000,-4.95000000,-0.12400000,-0.08500000,0.15033629
triangle,FS-EDMD-LQR,417,417,84.96290000,4.95000000,-4.84800000,4.85100000,-4.96300000,4.95000000,-4.84800000,-0.09900000,-0.11500000,0.15174320
triangle,FS-EDMD-LQR,418,418,85.15170000,5.05300000,-4.74500000,4.96900000,-4.84500000,5.05300000,-4.74500000,-0.08400000,-0.10000000,0.13059862
triangle,FS-EDMD-LQR,419,419,85.35630000,5.15600000,-4.64200000,5.07100000,-4.73500000,5.15600000,-4.64200000,-0.08500000,-0.09300000,0.12599206
triangle,FS-EDMD-LQR,420,420,85.56080000,5.25900000,-4.53900000,5.10800000,-4.63600000,5.25900000,-4.53900000,-0.15100000,-0.09700000,0.17947145
triangle,FS-EDMD-LQR,421,421,85.76620000,5.36200000,-4.43600000,5.17600000,-4.51800000,5.36200000,-4.43600000,-0.18600000,-0.08200000,0.20327322
triangle,FS-EDMD-LQR,422,422,85.97170000,5.46500000,-4.33300000,5.30900000,-4.39900000,5.46500000,-4.33300000,-0.15600000,-0.06600000,0.16938713
triangle,FS-EDMD-LQR,423,423,86.17500000,5.56800000,-4.23000000,5.44800000,-4.32000000,5.56800000,-4.23000000,-0.12000000,-0.09000000,0.15000000
triangle,FS-EDMD-LQR,424,424,86.38590000,5.67000000,-4.12800000,5.61800000,-4.20300000,5.67000000,-4.12800000,-0.05200000,-0.07500000,0.09126336
triangle,FS-EDMD-LQR,425,425,86.58670000,5.77300000,-4.02500000,5.66500000,-4.07500000,5.77300000,-4.02500000,-0.10800000,-0.05000000,0.11901260
triangle,FS-EDMD-LQR,426,426,86.78720000,5.87600000,-3.92200000,5.72800000,-4.00700000,5.87600000,-3.92200000,-0.14800000,-0.08500000,0.17067220
triangle,FS-EDMD-LQR,427,427,86.99400000,5.97900000,-3.81900000,5.86200000,-3.94200000,5.97900000,-3.81900000,-0.11700000,-0.12300000,0.16975865
triangle,FS-EDMD-LQR,428,428,87.19880000,6.08200000,-3.71600000,5.96900000,-3.80100000,6.08200000,-3.71600000,-0.11300000,-0.08500000,0.14140014
triangle,FS-EDMD-LQR,429,429,87.39510000,6.18500000,-3.61300000,6.02200000,-3.66800000,6.18500000,-3.61300000,-0.16300000,-0.05500000,0.17202907
triangle,FS-EDMD-LQR,430,430,87.60360000,6.28700000,-3.51000000,6.13700000,-3.56600000,6.28700000,-3.51000000,-0.15000000,-0.05600000,0.16011246
triangle,FS-EDMD-LQR,431,431,87.79370000,6.39000000,-3.40800000,6.28300000,-3.50300000,6.39000000,-3.40800000,-0.10700000,-0.09500000,0.14308739
triangle,FS-EDMD-LQR,432,432,87.99790000,6.49300000,-3.30500000,6.39800000,-3.43400000,6.49300000,-3.30500000,-0.09500000,-0.12900000,0.16020612
triangle,FS-EDMD-LQR,433,433,88.20240000,6.59600000,-3.20200000,6.45100000,-3.28700000,6.59600000,-3.20200000,-0.14500000,-0.08500000,0.16807736
triangle,FS-EDMD-LQR,434,434,88.40570000,6.69900000,-3.09900000,6.51900000,-3.16700000,6.69900000,-3.09900000,-0.18000000,-0.06800000,0.19241622
triangle,FS-EDMD-LQR,435,435,88.60930000,6.80200000,-2.99600000,6.65800000,-3.09100000,6.80200000,-2.99600000,-0.14400000,-0.09500000,0.17251377
triangle,FS-EDMD-LQR,436,436,88.81480000,6.90500000,-2.89300000,6.78500000,-3.01400000,6.90500000,-2.89300000,-0.12000000,-0.12100000,0.17041420
triangle,FS-EDMD-LQR,437,437,89.01990000,7.00700000,-2.79100000,6.90300000,-2.89200000,7.00700000,-2.79100000,-0.10400000,-0.10100000,0.14497241
triangle,FS-EDMD-LQR,438,438,89.22640000,7.11000000,-2.68800000,6.96300000,-2.77100000,7.11000000,-2.68800000,-0.14700000,-0.08300000,0.16881351
triangle,FS-EDMD-LQR,439,439,89.43230000,7.21300000,-2.58500000,7.07700000,-2.68100000,7.21300000,-2.58500000,-0.13600000,-0.09600000,0.16646922
triangle,FS-EDMD-LQR,440,440,89.62120000,7.31600000,-2.48200000,7.19700000,-2.54800000,7.31600000,-2.48200000,-0.11900000,-0.06600000,0.13607718
triangle,FS-EDMD-LQR,441,441,89.82730000,7.41900000,-2.37900000,7.31500000,-2.44000000,7.41900000,-2.37900000,-0.10400000,-0.06100000,0.12056948
triangle,FS-EDMD-LQR,442,442,90.03180000,7.52200000,-2.27600000,7.39400000,-2.38100000,7.52200000,-2.27600000,-0.12800000,-0.10500000,0.16555664
triangle,FS-EDMD-LQR,443,443,90.23830000,7.62500000,-2.17300000,7.50800000,-2.31600000,7.62500000,-2.17300000,-0.11700000,-0.14300000,0.18476472
triangle,FS-EDMD-LQR,444,444,90.45710000,7.72700000,-2.07100000,7.64400000,-2.12500000,7.72700000,-2.07100000,-0.08300000,-0.05400000,0.09902020
triangle,FS-EDMD-LQR,445,445,90.63860000,7.58700000,-2.03300000,7.66800000,-2.03800000,7.58700000,-2.03300000,0.08100000,-0.00500000,0.08115417
triangle,FS-EDMD-LQR,446,446,90.86140000,7.44600000,-1.99500000,7.74600000,-1.98200000,7.44600000,-1.99500000,0.30000000,0.01300000,0.30028153
triangle,FS-EDMD-LQR,447,447,91.05640000,7.30600000,-1.95800000,7.59000000,-2.01600000,7.30600000,-1.95800000,0.28400000,-0.05800000,0.28986204
triangle,FS-EDMD-LQR,448,448,91.26240000,7.16500000,-1.92000000,7.36900000,-2.00000000,7.16500000,-1.92000000,0.20400000,-0.08000000,0.21912553
triangle,FS-EDMD-LQR,449,449,91.46210000,7.02500000,-1.88200000,7.17000000,-1.96800000,7.02500000,-1.88200000,0.14500000,-0.08600000,0.16858529
triangle,FS-EDMD-LQR,450,450,91.65810000,6.88400000,-1.84500000,7.00300000,-1.92800000,6.88400000,-1.84500000,0.11900000,-0.08300000,0.14508618
triangle,FS-EDMD-LQR,451,451,91.85870000,6.74400000,-1.80700000,6.87800000,-1.86200000,6.74400000,-1.80700000,0.13400000,-0.05500000,0.14484820
triangle,FS-EDMD-LQR,452,452,92.05990000,6.60300000,-1.76900000,6.74100000,-1.81500000,6.60300000,-1.76900000,0.13800000,-0.04600000,0.14546477
triangle,FS-EDMD-LQR,453,453,92.26450000,6.46300000,-1.73200000,6.60200000,-1.77800000,6.46300000,-1.73200000,0.13900000,-0.04600000,0.14641380
triangle,FS-EDMD-LQR,454,454,92.47090000,6.32200000,-1.69400000,6.47700000,-1.75800000,6.32200000,-1.69400000,0.15500000,-0.06400000,0.16769317
triangle,FS-EDMD-LQR,455,455,92.67600000,6.18200000,-1.65600000,6.34300000,-1.72800000,6.18200000,-1.65600000,0.16100000,-0.07200000,0.17636610
triangle,FS-EDMD-LQR,456,456,92.87970000,6.04100000,-1.61900000,6.18900000,-1.68300000,6.04100000,-1.61900000,0.14800000,-0.06400000,0.16124515
triangle,FS-EDMD-LQR,457,457,93.08380000,5.90100000,-1.58100000,6.04000000,-1.63800000,5.90100000,-1.58100000,0.13900000,-0.05700000,0.15023315
triangle,FS-EDMD-LQR,458,458,93.28820000,5.76000000,-1.54400000,5.89300000,-1.59000000,5.76000000,-1.54400000,0.13300000,-0.04600000,0.14073024
triangle,FS-EDMD-LQR,459,459,93.49200000,5.62000000,-1.50600000,5.77000000,-1.58400000,5.62000000,-1.50600000,0.15000000,-0.07800000,0.16906803
triangle,FS-EDMD-LQR,460,460,93.69370000,5.47900000,-1.46800000,5.64000000,-1.54600000,5.47900000,-1.46800000,0.16100000,-0.07800000,0.17889941
triangle,FS-EDMD-LQR,461,461,93.90030000,5.33900000,-1.43100000,5.49100000,-1.50000000,5.33900000,-1.43100000,0.15200000,-0.06900000,0.16692813
triangle,FS-EDMD-LQR,462,462,94.10460000,5.19800000,-1.39300000,5.34100000,-1.45000000,5.19800000,-1.39300000,0.14300000,-0.05700000,0.15394155
triangle,FS-EDMD-LQR,463,463,94.29240000,5.05800000,-1.35500000,5.19600000,-1.40500000,5.05800000,-1.35500000,0.13800000,-0.05000000,0.14677875
triangle,FS-EDMD-LQR,464,464,94.49490000,4.91700000,-1.31800000,5.05600000,-1.38600000,4.91700000,-1.31800000,0.13900000,-0.06800000,0.15474172
triangle,FS-EDMD-LQR,465,465,94.70030000,4.77700000,-1.28000000,4.92100000,-1.34700000,4.77700000,-1.28000000,0.14400000,-0.06700000,0.15882380
triangle,FS-EDMD-LQR,466,466,94.90460000,4.63600000,-1.24200000,4.77500000,-1.29800000,4.63600000,-1.24200000,0.13900000,-0.05600000,0.14985660
triangle,FS-EDMD-LQR,467,467,95.11790000,4.49600000,-1.20500000,4.57600000,-1.24200000,4.49600000,-1.20500000,0.08000000,-0.03700000,0.08814193
triangle,FS-EDMD-LQR,468,468,95.32080000,4.35500000,-1.16700000,4.47100000,-1.21300000,4.35500000,-1.16700000,0.11600000,-0.04600000,0.12478782
triangle,FS-EDMD-LQR,469,469,95.52050000,4.21500000,-1.12900000,4.41000000,-1.18900000,4.21500000,-1.12900000,0.19500000,-0.06000000,0.20402206
triangle,FS-EDMD-LQR,470,470,95.71710000,4.07400000,-1.09200000,4.25900000,-1.16600000,4.07400000,-1.09200000,0.18500000,-0.07400000,0.19925110
triangle,FS-EDMD-LQR,471,471,95.92090000,3.93400000,-1.05400000,4.07200000,-1.11800000,3.93400000,-1.05400000,0.13800000,-0.06400000,0.15211837
triangle,FS-EDMD-LQR,472,472,96.12150000,3.79300000,-1.01600000,3.91800000,-1.06700000,3.79300000,-1.01600000,0.12500000,-0.05100000,0.13500370
triangle,FS-EDMD-LQR,473,473,96.32570000,3.65300000,-0.97900000,3.77500000,-1.02200000,3.65300000,-0.97900000,0.12200000,-0.04300000,0.12935610
triangle,FS-EDMD-LQR,474,474,96.52910000,3.51200000,-0.94100000,3.63900000,-0.99800000,3.51200000,-0.94100000,0.12700000,-0.05700000,0.13920488
triangle,FS-EDMD-LQR,475,475,96.73750000,3.37200000,-0.90400000,3.50000000,-0.95800000,3.37200000,-0.90400000,0.12800000,-0.05400000,0.13892444
triangle,FS-EDMD-LQR,476,476,96.94430000,3.23100000,-0.86600000,3.37400000,-0.92900000,3.23100000,-0.86600000,0.14300000,-0.06300000,0.15626260
triangle,FS-EDMD-LQR,477,477,97.14690000,3.09100000,-0.82800000,3.25800000,-0.88500000,3.09100000,-0.82800000,0.16700000,-0.05700000,0.17645963
triangle,FS-EDMD-LQR,478,478,97.35150000,2.95000000,-0.79100000,3.10400000,-0.82800000,2.95000000,-0.79100000,0.15400000,-0.03700000,0.15838245
triangle,FS-EDMD-LQR,479,479,97.55380000,2.81000000,-0.75300000,2.95700000,-0.81300000,2.81000000,-0.75300000,0.14700000,-0.06000000,0.15877342
triangle,FS-EDMD-LQR,480,480,97.75950000,2.66900000,-0.71500000,2.81400000,-0.77300000,2.66900000,-0.71500000,0.14500000,-0.05800000,0.15616978
triangle,FS-EDMD-LQR,481,481,97.96440000,2.52900000,-0.67800000,2.69500000,-0.73200000,2.52900000,-0.67800000,0.16600000,-0.05400000,0.17456231
triangle,FS-EDMD-LQR,482,482,98.17140000,2.38800000,-0.64000000,2.56000000,-0.69100000,2.38800000,-0.64000000,0.17200000,-0.05100000,0.17940178
triangle,FS-EDMD-LQR,483,483,98.38590000,2.24800000,-0.60200000,2.36500000,-0.65300000,2.24800000,-0.60200000,0.11700000,-0.05100000,0.12763228
triangle,FS-EDMD-LQR,484,484,98.59120000,2.10700000,-0.56500000,2.23600000,-0.62200000,2.10700000,-0.56500000,0.12900000,-0.05700000,0.14103191
triangle,FS-EDMD-LQR,485,485,98.78840000,1.96700000,-0.52700000,2.10900000,-0.57800000,1.96700000,-0.52700000,0.14200000,-0.05100000,0.15088075
triangle,FS-EDMD-LQR,486,486,98.99140000,1.82600000,-0.48900000,1.98700000,-0.53400000,1.82600000,-0.48900000,0.16100000,-0.04500000,0.16717057
triangle,FS-EDMD-LQR,487,487,99.18970000,1.68600000,-0.45200000,1.85600000,-0.50400000,1.68600000,-0.45200000,0.17000000,-0.05200000,0.17777514
triangle,FS-EDMD-LQR,488,488,99.39800000,1.54500000,-0.41400000,1.71500000,-0.46900000,1.54500000,-0.41400000,0.17000000,-0.05500000,0.17867568
triangle,FS-EDMD-LQR,489,489,99.60150000,1.40500000,-0.37600000,1.57400000,-0.43200000,1.40500000,-0.37600000,0.16900000,-0.05600000,0.17803651
triangle,FS-EDMD-LQR,490,490,99.80650000,1.26400000,-0.33900000,1.42400000,-0.39000000,1.26400000,-0.33900000,0.16000000,-0.05100000,0.16793153
triangle,FS-EDMD-LQR,491,491,99.99790000,1.12400000,-0.30100000,1.29300000,-0.35400000,1.12400000,-0.30100000,0.16900000,-0.05300000,0.17711578
triangle,FS-EDMD-LQR,492,492,100.20130000,0.98300000,-0.26400000,1.13600000,-0.31100000,0.98300000,-0.26400000,0.15300000,-0.04700000,0.16005624
triangle,FS-EDMD-LQR,493,493,100.40940000,0.84300000,-0.22600000,0.99900000,-0.29000000,0.84300000,-0.22600000,0.15600000,-0.06400000,0.16861791
triangle,FS-EDMD-LQR,494,494,100.61330000,0.70200000,-0.18800000,0.87000000,-0.25900000,0.70200000,-0.18800000,0.16800000,-0.07100000,0.18238695
triangle,FS-EDMD-LQR,495,495,100.81840000,0.56200000,-0.15100000,0.72700000,-0.20300000,0.56200000,-0.15100000,0.16500000,-0.05200000,0.17300000
triangle,FS-EDMD-LQR,496,496,101.02350000,0.42100000,-0.11300000,0.56500000,-0.15400000,0.42100000,-0.11300000,0.14400000,-0.04100000,0.14972308
triangle,FS-EDMD-LQR,497,497,101.22850000,0.28100000,-0.07500000,0.44300000,-0.13100000,0.28100000,-0.07500000,0.16200000,-0.05600000,0.17140595
triangle,FS-EDMD-LQR,498,498,101.41780000,0.14000000,-0.03800000,0.31700000,-0.09400000,0.14000000,-0.03800000,0.17700000,-0.05600000,0.18564752
triangle,FS-EDMD-LQR,499,499,104.87550000,0.00000000,0.00000000,-0.00200000,-0.00400000,0.00000000,0.00000000,-0.00200000,-0.00400000,0.00447214
triangle,PID,0,0,0.19620000,0.00000000,0.00000000,-0.00400000,0.21400000,0.00000000,0.00000000,-0.00400000,0.21400000,0.21403738
triangle,PID,1,1,0.39650000,0.10300000,0.10300000,-0.00900000,0.16800000,0.10300000,0.10300000,-0.11200000,0.06500000,0.12949517
triangle,PID,2,2,0.61060000,0.20600000,0.20600000,0.01600000,0.15600000,0.20600000,0.20600000,-0.19000000,-0.05000000,0.19646883
triangle,PID,3,3,0.81260000,0.30900000,0.30900000,0.05100000,0.16100000,0.30900000,0.30900000,-0.25800000,-0.14800000,0.29743571
triangle,PID,4,4,1.01670000,0.41100000,0.41100000,0.08400000,0.17700000,0.41100000,0.41100000,-0.32700000,-0.23400000,0.40210073
triangle,PID,5,5,1.21960000,0.51400000,0.51400000,0.13400000,0.22000000,0.51400000,0.51400000,-0.38000000,-0.29400000,0.48045395
triangle,PID,6,6,1.40900000,0.61700000,0.61700000,0.21000000,0.26700000,0.61700000,0.61700000,-0.40700000,-0.35000000,0.53679512
triangle,PID,7,7,1.61430000,0.72000000,0.72000000,0.30600000,0.32500000,0.72000000,0.72000000,-0.41400000,-0.39500000,0.57220713
triangle,PID,8,8,1.81860000,0.82300000,0.82300000,0.37800000,0.40400000,0.82300000,0.82300000,-0.44500000,-0.41900000,0.61121682
triangle,PID,9,9,2.02360000,0.92600000,0.92600000,0.46700000,0.50300000,0.92600000,0.92600000,-0.45900000,-0.42300000,0.62418747
triangle,PID,10,10,2.22910000,1.02900000,1.02900000,0.56400000,0.58200000,1.02900000,1.02900000,-0.46500000,-0.44700000,0.64500698
triangle,PID,11,11,2.44290000,1.13100000,1.13100000,0.64200000,0.74400000,1.13100000,1.13100000,-0.48900000,-0.38700000,0.62361046
triangle,PID,12,12,2.64230000,1.23400000,1.23400000,0.76300000,0.85400000,1.23400000,1.23400000,-0.47100000,-0.38000000,0.60517849
triangle,PID,13,13,2.84480000,1.33700000,1.33700000,0.89000000,0.91800000,1.33700000,1.33700000,-0.44700000,-0.41900000,0.61267446
triangle,PID,14,14,3.04590000,1.44000000,1.44000000,0.95300000,1.00800000,1.44000000,1.44000000,-0.48700000,-0.43200000,0.65099386
triangle,PID,15,15,3.24430000,1.54300000,1.54300000,1.10600000,1.16700000,1.54300000,1.54300000,-0.43700000,-0.37600000,0.57649371
triangle,PID,16,16,3.45510000,1.64600000,1.64600000,1.23400000,1.23500000,1.64600000,1.64600000,-0.41200000,-0.41100000,0.58194931
triangle,PID,17,17,3.64550000,1.74800000,1.74800000,1.35300000,1.35600000,1.74800000,1.74800000,-0.39500000,-0.39200000,0.55649708
triangle,PID,18,18,3.86070000,1.85100000,1.85100000,1.46700000,1.47700000,1.85100000,1.85100000,-0.38400000,-0.37400000,0.53603358
triangle,PID,19,19,4.05040000,1.95400000,1.95400000,1.58800000,1.53800000,1.95400000,1.95400000,-0.36600000,-0.41600000,0.55408664
triangle,PID,20,20,4.25490000,2.05700000,2.05700000,1.71300000,1.67200000,2.05700000,2.05700000,-0.34400000,-0.38500000,0.51629546
triangle,PID,21,21,4.45960000,2.16000000,2.16000000,1.83200000,1.79900000,2.16000000,2.16000000,-0.32800000,-0.36100000,0.48775506
triangle,PID,22,22,4.66290000,2.26300000,2.26300000,1.95200000,1.91900000,2.26300000,2.26300000,-0.31100000,-0.34400000,0.46374239
triangle,PID,23,23,4.86780000,2.36600000,2.36600000,2.06900000,2.02900000,2.36600000,2.36600000,-0.29700000,-0.33700000,0.44919706
triangle,PID,24,24,5.07380000,2.46800000,2.46800000,2.19300000,2.15900000,2.46800000,2.46800000,-0.27500000,-0.30900000,0.41364961
triangle,PID,25,25,5.27950000,2.57100000,2.57100000,2.32200000,2.29100000,2.57100000,2.57100000,-0.24900000,-0.28000000,0.37470121
triangle,PID,26,26,5.48580000,2.67400000,2.67400000,2.44200000,2.41300000,2.67400000,2.67400000,-0.23200000,-0.26100000,0.34920624
triangle,PID,27,27,5.67420000,2.77700000,2.77700000,2.55900000,2.53800000,2.77700000,2.77700000,-0.21800000,-0.23900000,0.32348879
triangle,PID,28,28,5.87860000,2.88000000,2.88000000,2.68200000,2.69200000,2.88000000,2.88000000,-0.19800000,-0.18800000,0.27303480
triangle,PID,29,29,6.08540000,2.98300000,2.98300000,2.79800000,2.81900000,2.98300000,2.98300000,-0.18500000,-0.16400000,0.24722662
triangle,PID,30,30,6.29050000,3.08600000,3.08600000,2.92100000,2.93600000,3.08600000,3.08600000,-0.16500000,-0.15000000,0.22299103
triangle,PID,31,31,6.49390000,3.18800000,3.18800000,3.05400000,3.00500000,3.18800000,3.18800000,-0.13400000,-0.18300000,0.22681490
triangle,PID,32,32,6.71350000,3.29100000,3.29100000,3.21600000,3.16500000,3.29100000,3.29100000,-0.07500000,-0.12600000,0.14663219
triangle,PID,33,33,6.90780000,3.39400000,3.39400000,3.27600000,3.28700000,3.39400000,3.39400000,-0.11800000,-0.10700000,0.15928905
triangle,PID,34,34,7.11180000,3.49700000,3.49700000,3.40300000,3.35600000,3.49700000,3.49700000,-0.09400000,-0.14100000,0.16946091
triangle,PID,35,35,7.31140000,3.60000000,3.60000000,3.52700000,3.48200000,3.60000000,3.60000000,-0.07300000,-0.11800000,0.13875518
triangle,PID,36,36,7.50830000,3.70300000,3.70300000,3.64100000,3.60400000,3.70300000,3.70300000,-0.06200000,-0.09900000,0.11681181
triangle,PID,37,37,7.71130000,3.80600000,3.80600000,3.70100000,3.71500000,3.80600000,3.80600000,-0.10500000,-0.09100000,0.13894603
triangle,PID,38,38,7.91160000,3.90800000,3.90800000,3.82500000,3.79000000,3.90800000,3.90800000,-0.08300000,-0.11800000,0.14426711
triangle,PID,39,39,8.11160000,4.01100000,4.01100000,3.94600000,3.91900000,4.01100000,4.01100000,-0.06500000,-0.09200000,0.11264546
triangle,PID,40,40,8.31500000,4.11400000,4.11400000,4.02100000,4.05100000,4.11400000,4.11400000,-0.09300000,-0.06300000,0.11232987
triangle,PID,41,41,8.52990000,4.21700000,4.21700000,4.15700000,4.12300000,4.21700000,4.21700000,-0.06000000,-0.09400000,0.11151681
triangle,PID,42,42,8.73510000,4.32000000,4.32000000,4.25700000,4.24200000,4.32000000,4.32000000,-0.06300000,-0.07800000,0.10026465
triangle,PID,43,43,8.92490000,4.42300000,4.42300000,4.33400000,4.36900000,4.42300000,4.42300000,-0.08900000,-0.05400000,0.10410091
triangle,PID,44,44,9.12880000,4.52500000,4.52500000,4.46800000,4.47600000,4.52500000,4.52500000,-0.05700000,-0.04900000,0.07516648
triangle,PID,45,45,9.33310000,4.62800000,4.62800000,4.59600000,4.56500000,4.62800000,4.62800000,-0.03200000,-0.06300000,0.07066116
triangle,PID,46,46,9.53780000,4.73100000,4.73100000,4.66900000,4.68600000,4.73100000,4.73100000,-0.06200000,-0.04500000,0.07660940
triangle,PID,47,47,9.74310000,4.83400000,4.83400000,4.77700000,4.81100000,4.83400000,4.83400000,-0.05700000,-0.02300000,0.06146544
triangle,PID,48,48,9.94770000,4.93700000,4.93700000,4.90000000,4.89500000,4.93700000,4.93700000,-0.03700000,-0.04200000,0.05597321
triangle,PID,49,49,10.15210000,5.04000000,5.04000000,4.96800000,5.01400000,5.04000000,5.04000000,-0.07200000,-0.02600000,0.07655064
triangle,PID,50,50,10.35720000,5.14300000,5.14300000,5.09500000,5.13500000,5.14300000,5.14300000,-0.04800000,-0.00800000,0.04866210
triangle,PID,51,51,10.57400000,5.24500000,5.24500000,5.25800000,5.24600000,5.24500000,5.24500000,0.01300000,0.00100000,0.01303840
triangle,PID,52,52,10.77380000,5.34800000,5.34800000,5.31600000,5.36900000,5.34800000,5.34800000,-0.03200000,0.02100000,0.03827532
triangle,PID,53,53,10.97400000,5.45100000,5.45100000,5.44800000,5.43400000,5.45100000,5.45100000,-0.00300000,-0.01700000,0.01726268
triangle,PID,54,54,11.15850000,5.55400000,5.55400000,5.52400000,5.52700000,5.55400000,5.55400000,-0.03000000,-0.02700000,0.04036087
triangle,PID,55,55,11.37540000,5.65700000,5.65700000,5.68400000,5.69900000,5.65700000,5.65700000,0.02700000,0.04200000,0.04992995
triangle,PID,56,56,11.57420000,5.51900000,5.69400000,5.74800000,5.76900000,5.51900000,5.69400000,0.22900000,0.07500000,0.24096888
triangle,PID,57,57,11.77380000,5.38100000,5.73100000,5.82500000,5.87500000,5.38100000,5.73100000,0.44400000,0.14400000,0.46676761
triangle,PID,58,58,11.97790000,5.24300000,5.76800000,5.83300000,5.94200000,5.24300000,5.76800000,0.59000000,0.17400000,0.61512275
triangle,PID,59,59,12.17810000,5.10500000,5.80500000,5.81600000,6.01200000,5.10500000,5.80500000,0.71100000,0.20700000,0.74052009
triangle,PID,60,60,12.37800000,4.96700000,5.84200000,5.79600000,6.05700000,4.96700000,5.84200000,0.82900000,0.21500000,0.85642630
triangle,PID,61,61,12.58800000,4.82900000,5.87900000,5.72500000,6.11400000,4.82900000,5.87900000,0.89600000,0.23500000,0.92630503
triangle,PID,62,62,12.79220000,4.69100000,5.91600000,5.65300000,6.16300000,4.69100000,5.91600000,0.96200000,0.24700000,0.99320340
triangle,PID,63,63,12.99620000,4.55300000,5.95300000,5.54200000,6.18500000,4.55300000,5.95300000,0.98900000,0.23200000,1.01584694
triangle,PID,64,64,13.19990000,4.41500000,5.99000000,5.41400000,6.21000000,4.41500000,5.99000000,0.99900000,0.22000000,1.02293744
triangle,PID,65,65,13.40490000,4.27700000,6.02700000,5.28100000,6.23200000,4.27700000,6.02700000,1.00400000,0.20500000,1.02471508
triangle,PID,66,66,13.60940000,4.13900000,6.06400000,5.14100000,6.26100000,4.13900000,6.06400000,1.00200000,0.19700000,1.02118216
triangle,PID,67,67,13.79950000,4.00100000,6.10100000,5.01100000,6.28600000,4.00100000,6.10100000,1.01000000,0.18500000,1.02680329
triangle,PID,68,68,14.00380000,3.86300000,6.13800000,4.84800000,6.31900000,3.86300000,6.13800000,0.98500000,0.18100000,1.00149189
triangle,PID,69,69,14.20940000,3.72500000,6.17400000,4.70900000,6.34800000,3.72500000,6.17400000,0.98400000,0.17400000,0.99926573
triangle,PID,70,70,14.41420000,3.58700000,6.21100000,4.55000000,6.37900000,3.58700000,6.21100000,0.96300000,0.16800000,0.97754437
triangle,PID,71,71,14.62020000,3.44900000,6.24800000,4.38700000,6.41000000,3.44900000,6.24800000,0.93800000,0.16200000,0.95188655
triangle,PID,72,72,14.82380000,3.31100000,6.28500000,4.21900000,6.44700000,3.31100000,6.28500000,0.90800000,0.16200000,0.92233833
triangle,PID,73,73,15.04020000,3.17300000,6.32200000,4.00500000,6.48300000,3.17300000,6.32200000,0.83200000,0.16100000,0.84743436
triangle,PID,74,74,15.24100000,3.03500000,6.35900000,3.84500000,6.50400000,3.03500000,6.35900000,0.81000000,0.14500000,0.82287605
triangle,PID,75,75,15.44120000,2.89700000,6.39600000,3.67100000,6.53200000,2.89700000,6.39600000,0.77400000,0.13600000,0.78585749
triangle,PID,76,76,15.64030000,2.75900000,6.43300000,3.51400000,6.57300000,2.75900000,6.43300000,0.75500000,0.14000000,0.76787043
triangle,PID,77,77,15.84380000,2.62100000,6.47000000,3.33400000,6.59500000,2.62100000,6.47000000,0.71300000,0.12500000,0.72387430
triangle,PID,78,78,16.04510000,2.48300000,6.50700000,3.16500000,6.61900000,2.48300000,6.50700000,0.68200000,0.11200000,0.69113530
triangle,PID,79,79,16.24350000,2.34500000,6.54400000,3.01400000,6.64400000,2.34500000,6.54400000,0.66900000,0.10000000,0.67643255
triangle,PID,80,80,16.44400000,2.20700000,6.58100000,2.83500000,6.67100000,2.20700000,6.58100000,0.62800000,0.09000000,0.63441627
triangle,PID,81,81,16.64530000,2.06900000,6.61800000,2.66800000,6.70000000,2.06900000,6.61800000,0.59900000,0.08200000,0.60458664
triangle,PID,82,82,16.85950000,1.93100000,6.65500000,2.51600000,6.74100000,1.93100000,6.65500000,0.58500000,0.08600000,0.59128758
triangle,PID,83,83,17.06110000,1.79300000,6.69200000,2.35800000,6.77600000,1.79300000,6.69200000,0.56500000,0.08400000,0.57121012
triangle,PID,84,84,17.25340000,1.65500000,6.72900000,2.18000000,6.77800000,1.65500000,6.72900000,0.52500000,0.04900000,0.52728171
triangle,PID,85,85,17.45570000,1.51700000,6.76600000,2.02100000,6.81200000,1.51700000,6.76600000,0.50400000,0.04600000,0.50609485
triangle,PID,86,86,17.66010000,1.37900000,6.80300000,1.86500000,6.85000000,1.37900000,6.80300000,0.48600000,0.04700000,0.48826734
triangle,PID,87,87,17.86580000,1.24100000,6.84000000,1.68300000,6.89600000,1.24100000,6.84000000,0.44200000,0.05600000,0.44553339
triangle,PID,88,88,18.06980000,1.10300000,6.87700000,1.52000000,6.93300000,1.10300000,6.87700000,0.41700000,0.05600000,0.42074339
triangle,PID,89,89,18.27450000,0.96500000,6.91400000,1.38000000,6.95100000,0.96500000,6.91400000,0.41500000,0.03700000,0.41664613
triangle,PID,90,90,18.48020000,0.82700000,6.95100000,1.22400000,6.98900000,0.82700000,6.95100000,0.39700000,0.03800000,0.39881449
triangle,PID,91,91,18.68580000,0.68900000,6.98800000,1.05500000,7.03900000,0.68900000,6.98800000,0.36600000,0.05100000,0.36953620
triangle,PID,92,92,18.89070000,0.55100000,7.02500000,0.91000000,7.07500000,0.55100000,7.02500000,0.35900000,0.05000000,0.36246517
triangle,PID,93,93,19.08010000,0.41300000,7.06200000,0.74700000,7.09900000,0.41300000,7.06200000,0.33400000,0.03700000,0.33604315
triangle,PID,94,94,19.28520000,0.27500000,7.09900000,0.58100000,7.13700000,0.27500000,7.09900000,0.30600000,0.03800000,0.30835045
triangle,PID,95,95,19.48800000,0.13700000,7.13600000,0.42700000,7.18000000,0.13700000,7.13600000,0.29000000,0.04400000,0.29331894
triangle,PID,96,96,19.69090000,-0.00100000,7.17300000,0.28200000,7.20200000,-0.00100000,7.17300000,0.28300000,0.02900000,0.28448199
triangle,PID,97,97,19.90630000,-0.13900000,7.21000000,0.08200000,7.24100000,-0.13900000,7.21000000,0.22100000,0.03100000,0.22316362
triangle,PID,98,98,20.10750000,-0.27700000,7.24700000,-0.05500000,7.27000000,-0.27700000,7.24700000,0.22200000,0.02300000,0.22318826
triangle,PID,99,99,20.30640000,-0.41500000,7.28400000,-0.19400000,7.29900000,-0.41500000,7.28400000,0.22100000,0.01500000,0.22150846
triangle,PID,100,100,20.51010000,-0.55300000,7.32100000,-0.30800000,7.34700000,-0.55300000,7.32100000,0.24500000,0.02600000,0.24637573
triangle,PID,101,101,20.71040000,-0.69100000,7.35800000,-0.45900000,7.37400000,-0.69100000,7.35800000,0.23200000,0.01600000,0.23255107
triangle,PID,102,102,20.91200000,-0.82900000,7.39500000,-0.59400000,7.40200000,-0.82900000,7.39500000,0.23500000,0.00700000,0.23510423
triangle,PID,103,103,21.12460000,-0.96700000,7.43200000,-0.72800000,7.43700000,-0.96700000,7.43200000,0.23900000,0.00500000,0.23905230
triangle,PID,104,104,21.32960000,-1.10500000,7.46900000,-0.86900000,7.47700000,-1.10500000,7.46900000,0.23600000,0.00800000,0.23613555
triangle,PID,105,105,21.51740000,-1.24300000,7.50600000,-1.01700000,7.52300000,-1.24300000,7.50600000,0.22600000,0.01700000,0.22663848
triangle,PID,106,106,21.72170000,-1.38100000,7.54300000,-1.16600000,7.55400000,-1.38100000,7.54300000,0.21500000,0.01100000,0.21528121
triangle,PID,107,107,21.92780000,-1.51900000,7.58000000,-1.32100000,7.59200000,-1.51900000,7.58000000,0.19800000,0.01200000,0.19836330
triangle,PID,108,108,22.13360000,-1.65700000,7.61600000,-1.46100000,7.63100000,-1.65700000,7.61600000,0.19600000,0.01500000,0.19657314
triangle,PID,109,109,22.33930000,-1.79500000,7.65300000,-1.61000000,7.66100000,-1.79500000,7.65300000,0.18500000,0.00800000,0.18517289
triangle,PID,110,110,22.54580000,-1.93300000,7.69000000,-1.75100000,7.70100000,-1.93300000,7.69000000,0.18200000,0.01100000,0.18233211
triangle,PID,111,111,22.74880000,-2.07100000,7.72700000,-1.88400000,7.74800000,-2.07100000,7.72700000,0.18700000,0.02100000,0.18817545
triangle,PID,112,112,22.95210000,-2.03400000,7.58900000,-2.04900000,7.77100000,-2.03400000,7.58900000,-0.01500000,0.18200000,0.18261709
triangle,PID,113,113,23.15660000,-1.99700000,7.45100000,-2.19100000,7.77100000,-1.99700000,7.45100000,-0.19400000,0.32000000,0.37421384
triangle,PID,114,114,23.34620000,-1.96000000,7.31300000,-2.29400000,7.75200000,-1.96000000,7.31300000,-0.33400000,0.43900000,0.55161309
triangle,PID,115,115,23.55130000,-1.92300000,7.17500000,-2.40500000,7.71300000,-1.92300000,7.17500000,-0.48200000,0.53800000,0.72233510
triangle,PID,116,116,23.75690000,-1.88600000,7.03700000,-2.47600000,7.67300000,-1.88600000,7.03700000,-0.59000000,0.63600000,0.86752291
triangle,PID,117,117,23.96240000,-1.84900000,6.89900000,-2.53400000,7.62500000,-1.84900000,6.89900000,-0.68500000,0.72600000,0.99814879
triangle,PID,118,118,24.17350000,-1.81200000,6.76100000,-2.55900000,7.48400000,-1.81200000,6.76100000,-0.74700000,0.72300000,1.03958549
triangle,PID,119,119,24.37350000,-1.77500000,6.62300000,-2.56600000,7.38000000,-1.77500000,6.62300000,-0.79100000,0.75700000,1.09486529
triangle,PID,120,120,24.57760000,-1.73800000,6.48600000,-2.56200000,7.31100000,-1.73800000,6.48600000,-0.82400000,0.82500000,1.16601930
triangle,PID,121,121,24.77750000,-1.70100000,6.34800000,-2.54600000,7.18100000,-1.70100000,6.34800000,-0.84500000,0.83300000,1.18655552
triangle,PID,122,122,24.97290000,-1.66400000,6.21000000,-2.52700000,7.06500000,-1.66400000,6.21000000,-0.86300000,0.85500000,1.21482262
triangle,PID,123,123,25.17880000,-1.62700000,6.07200000,-2.48900000,6.93300000,-1.62700000,6.07200000,-0.86200000,0.86100000,1.21834519
triangle,PID,124,124,25.37950000,-1.59000000,5.93400000,-2.44600000,6.79600000,-1.59000000,5.93400000,-0.85600000,0.86200000,1.21481686
triangle,PID,125,125,25.58500000,-1.55300000,5.79600000,-2.38900000,6.65400000,-1.55300000,5.79600000,-0.83600000,0.85800000,1.19793990
triangle,PID,126,126,25.78800000,-1.51600000,5.65800000,-2.33600000,6.51800000,-1.51600000,5.65800000,-0.82000000,0.86000000,1.18827606
triangle,PID,127,127,25.99210000,-1.47900000,5.52000000,-2.27000000,6.35900000,-1.47900000,5.52000000,-0.79100000,0.83900000,1.15308369
triangle,PID,128,128,26.19910000,-1.44200000,5.38200000,-2.22000000,6.19900000,-1.44200000,5.38200000,-0.77800000,0.81700000,1.12817242
triangle,PID,129,129,26.40280000,-1.40500000,5.24400000,-2.15900000,6.03900000,-1.40500000,5.24400000,-0.75400000,0.79500000,1.09569202
triangle,PID,130,130,26.60840000,-1.36800000,5.10600000,-2.10900000,5.87700000,-1.36800000,5.10600000,-0.74100000,0.77100000,1.06935588
triangle,PID,131,131,26.81380000,-1.33100000,4.96800000,-2.02500000,5.71300000,-1.33100000,4.96800000,-0.69400000,0.74500000,1.01816551
triangle,PID,132,132,27.00220000,-1.29400000,4.83000000,-1.98200000,5.54300000,-1.29400000,4.83000000,-0.68800000,0.71300000,0.99081431
triangle,PID,133,133,27.20750000,-1.25700000,4.69200000,-1.87300000,5.37800000,-1.25700000,4.69200000,-0.61600000,0.68600000,0.92198265
triangle,PID,134,134,27.41140000,-1.22000000,4.55400000,-1.79200000,5.20400000,-1.22000000,4.55400000,-0.57200000,0.65000000,0.86584294
triangle,PID,135,135,27.61450000,-1.18300000,4.41600000,-1.73100000,5.03700000,-1.18300000,4.41600000,-0.54800000,0.62100000,0.82821797
triangle,PID,136,136,27.81970000,-1.14600000,4.27800000,-1.66800000,4.87100000,-1.14600000,4.27800000,-0.52200000,0.59300000,0.79002089
triangle,PID,137,137,28.02180000,-1.10900000,4.14000000,-1.61600000,4.69700000,-1.10900000,4.14000000,-0.50700000,0.55700000,0.75319187
triangle,PID,138,138,28.22690000,-1.07200000,4.00200000,-1.55300000,4.52200000,-1.07200000,4.00200000,-0.48100000,0.52000000,0.70835090
triangle,PID,139,139,28.44560000,-1.03500000,3.86400000,-1.46900000,4.29900000,-1.03500000,3.86400000,-0.43400000,0.43500000,0.61447620
triangle,PID,140,140,28.64020000,-0.99800000,3.72600000,-1.36000000,4.13600000,-0.99800000,3.72600000,-0.36200000,0.41000000,0.54694058
triangle,PID,141,141,28.84340000,-0.96100000,3.58800000,-1.30600000,3.97000000,-0.96100000,3.58800000,-0.34500000,0.38200000,0.51473197
triangle,PID,142,142,29.04330000,-0.92400000,3.45000000,-1.24200000,3.81500000,-0.92400000,3.45000000,-0.31800000,0.36500000,0.48409606
triangle,PID,143,143,29.24310000,-0.88700000,3.31200000,-1.17700000,3.64700000,-0.88700000,3.31200000,-0.29000000,0.33500000,0.44308577
triangle,PID,144,144,29.44330000,-0.85000000,3.17400000,-1.13000000,3.48200000,-0.85000000,3.17400000,-0.28000000,0.30800000,0.41624992
triangle,PID,145,145,29.64310000,-0.81300000,3.03600000,-1.06900000,3.32800000,-0.81300000,3.03600000,-0.25600000,0.29200000,0.38832976
triangle,PID,146,146,29.85060000,-0.77600000,2.89800000,-1.01000000,3.16700000,-0.77600000,2.89800000,-0.23400000,0.26900000,0.35653471
triangle,PID,147,147,30.05430000,-0.73900000,2.76000000,-0.95000000,3.01600000,-0.73900000,2.76000000,-0.21100000,0.25600000,0.33174840
triangle,PID,148,148,30.25610000,-0.70300000,2.62200000,-0.90100000,2.86400000,-0.70300000,2.62200000,-0.19800000,0.24200000,0.31267875
triangle,PID,149,149,30.45910000,-0.66600000,2.48400000,-0.84300000,2.69600000,-0.66600000,2.48400000,-0.17700000,0.21200000,0.27617567
triangle,PID,150,150,30.66220000,-0.62900000,2.34600000,-0.78200000,2.54300000,-0.62900000,2.34600000,-0.15300000,0.19700000,0.24943536
triangle,PID,151,151,30.86710000,-0.59200000,2.20800000,-0.72900000,2.40400000,-0.59200000,2.20800000,-0.13700000,0.19600000,0.23913385
triangle,PID,152,152,31.07100000,-0.55500000,2.07000000,-0.67500000,2.24400000,-0.55500000,2.07000000,-0.12000000,0.17400000,0.21136698
triangle,PID,153,153,31.27520000,-0.51800000,1.93200000,-0.63100000,2.09000000,-0.51800000,1.93200000,-0.11300000,0.15800000,0.19424984
triangle,PID,154,154,31.48070000,-0.48100000,1.79400000,-0.58100000,1.94700000,-0.48100000,1.79400000,-0.10000000,0.15300000,0.18278129
triangle,PID,155,155,31.68450000,-0.44400000,1.65600000,-0.54300000,1.79700000,-0.44400000,1.65600000,-0.09900000,0.14100000,0.17228465
triangle,PID,156,156,31.88960000,-0.40700000,1.51800000,-0.50200000,1.65900000,-0.40700000,1.51800000,-0.09500000,0.14100000,0.17001765
triangle,PID,157,157,32.08060000,-0.37000000,1.38000000,-0.45800000,1.51800000,-0.37000000,1.38000000,-0.08800000,0.13800000,0.16367040
triangle,PID,158,158,32.28560000,-0.33300000,1.24200000,-0.40800000,1.36500000,-0.33300000,1.24200000,-0.07500000,0.12300000,0.14406249
triangle,PID,159,159,32.49130000,-0.29600000,1.10400000,-0.36200000,1.20500000,-0.29600000,1.10400000,-0.06600000,0.10100000,0.12065239
triangle,PID,160,160,32.70610000,-0.25900000,0.96600000,-0.30500000,1.02100000,-0.25900000,0.96600000,-0.04600000,0.05500000,0.07170077
triangle,PID,161,161,32.90610000,-0.22200000,0.82800000,-0.27500000,0.89100000,-0.22200000,0.82800000,-0.05300000,0.06300000,0.08232861
triangle,PID,162,162,33.10600000,-0.18500000,0.69000000,-0.22600000,0.74400000,-0.18500000,0.69000000,-0.04100000,0.05400000,0.06780118
triangle,PID,163,163,33.30920000,-0.14800000,0.55200000,-0.19200000,0.59000000,-0.14800000,0.55200000,-0.04400000,0.03800000,0.05813777
triangle,PID,164,164,33.50910000,-0.11100000,0.41400000,-0.14700000,0.44700000,-0.11100000,0.41400000,-0.03600000,0.03300000,0.04883646
triangle,PID,165,165,33.70580000,-0.07400000,0.27600000,-0.10800000,0.29800000,-0.07400000,0.27600000,-0.03400000,0.02200000,0.04049691
triangle,PID,166,166,33.90990000,-0.03700000,0.13800000,-0.06600000,0.14900000,-0.03700000,0.13800000,-0.02900000,0.01100000,0.03101612
triangle,PID,167,167,34.11590000,0.00000000,0.00000000,-0.03500000,0.01400000,0.00000000,0.00000000,-0.03500000,0.01400000,0.03769615
triangle,PID,168,168,34.32050000,-0.13800000,0.03700000,-0.00100000,-0.13300000,-0.13800000,0.03700000,0.13700000,-0.17000000,0.21833232
triangle,PID,169,169,34.52440000,-0.27600000,0.07400000,-0.00200000,-0.26800000,-0.27600000,0.07400000,0.27400000,-0.34200000,0.43822369
triangle,PID,170,170,34.72920000,-0.41400000,0.11100000,-0.02400000,-0.37900000,-0.41400000,0.11100000,0.39000000,-0.49000000,0.62625873
triangle,PID,171,171,34.93310000,-0.55200000,0.14800000,-0.05400000,-0.44100000,-0.55200000,0.14800000,0.49800000,-0.58900000,0.77131381
triangle,PID,172,172,35.13850000,-0.69000000,0.18500000,-0.11100000,-0.50000000,-0.69000000,0.18500000,0.57900000,-0.68500000,0.89692029
triangle,PID,173,173,35.34390000,-0.82800000,0.22200000,-0.17800000,-0.52000000,-0.82800000,0.22200000,0.65000000,-0.74200000,0.98644006
triangle,PID,174,174,35.54780000,-0.96600000,0.25900000,-0.28500000,-0.53300000,-0.96600000,0.25900000,0.68100000,-0.79200000,1.04452142
triangle,PID,175,175,35.73760000,-1.10400000,0.29600000,-0.39500000,-0.52500000,-1.10400000,0.29600000,0.70900000,-0.82100000,1.08476818
triangle,PID,176,176,35.94270000,-1.24200000,0.33300000,-0.51300000,-0.51700000,-1.24200000,0.33300000,0.72900000,-0.85000000,1.11979507
triangle,PID,177,177,36.14740000,-1.38000000,0.37000000,-0.63000000,-0.48800000,-1.38000000,0.37000000,0.75000000,-0.85800000,1.13958940
triangle,PID,178,178,36.35090000,-1.51800000,0.40700000,-0.77000000,-0.46000000,-1.51800000,0.40700000,0.74800000,-0.86700000,1.14507336
triangle,PID,179,179,36.55430000,-1.65600000,0.44400000,-0.90200000,-0.41600000,-1.65600000,0.44400000,0.75400000,-0.86000000,1.14372899
triangle,PID,180,180,36.77230000,-1.79400000,0.48100000,-1.06500000,-0.34200000,-1.79400000,0.48100000,0.72900000,-0.82300000,1.09944077
triangle,PID,181,181,36.97280000,-1.93200000,0.51800000,-1.20700000,-0.29400000,-1.93200000,0.51800000,0.72500000,-0.81200000,1.08856281
triangle,PID,182,182,37.17190000,-2.07000000,0.55500000,-1.32900000,-0.23900000,-2.07000000,0.55500000,0.74100000,-0.79400000,1.08605571
triangle,PID,183,183,37.37220000,-2.20800000,0.59200000,-1.46100000,-0.18800000,-2.20800000,0.59200000,0.74700000,-0.78000000,1.08000417
triangle,PID,184,184,37.57240000,-2.34600000,0.62900000,-1.59600000,-0.13300000,-2.34600000,0.62900000,0.75000000,-0.76200000,1.06917912
triangle,PID,185,185,37.77550000,-2.48400000,0.66600000,-1.76500000,-0.04400000,-2.48400000,0.66600000,0.71900000,-0.71000000,1.01047563
triangle,PID,186,186,37.97610000,-2.62200000,0.70300000,-1.90000000,-0.00500000,-2.62200000,0.70300000,0.72200000,-0.70800000,1.01121116
triangle,PID,187,187,38.17660000,-2.76000000,0.73900000,-2.04100000,0.04400000,-2.76000000,0.73900000,0.71900000,-0.69500000,0.99999300
triangle,PID,188,188,38.37760000,-2.89800000,0.77600000,-2.22500000,0.16700000,-2.89800000,0.77600000,0.67300000,-0.60900000,0.90763980
triangle,PID,189,189,38.58290000,-3.03600000,0.81300000,-2.36800000,0.22900000,-3.03600000,0.81300000,0.66800000,-0.58400000,0.88728800
triangle,PID,190,190,38.78780000,-3.17400000,0.85000000,-2.51800000,0.29000000,-3.17400000,0.85000000,0.65600000,-0.56000000,0.86251725
triangle,PID,191,191,38.99520000,-3.31200000,0.88700000,-2.67300000,0.37700000,-3.31200000,0.88700000,0.63900000,-0.51000000,0.81757018
triangle,PID,192,192,39.19970000,-3.45000000,0.92400000,-2.84000000,0.42200000,-3.45000000,0.92400000,0.61000000,-0.50200000,0.79000253
triangle,PID,193,193,39.40520000,-3.58800000,0.96100000,-2.98400000,0.46600000,-3.58800000,0.96100000,0.60400000,-0.49500000,0.78092317
triangle,PID,194,194,39.60980000,-3.72600000,0.99800000,-3.15500000,0.53500000,-3.72600000,0.99800000,0.57100000,-0.46300000,0.73512584
triangle,PID,195,195,39.81390000,-3.86400000,1.03500000,-3.32100000,0.57800000,-3.86400000,1.03500000,0.54300000,-0.45700000,0.70971684
triangle,PID,196,196,40.00230000,-4.00200000,1.07200000,-3.46600000,0.67400000,-4.00200000,1.07200000,0.53600000,-0.39800000,0.66760767
triangle,PID,197,197,40.20810000,-4.14000000,1.10900000,-3.64100000,0.70900000,-4.14000000,1.10900000,0.49900000,-0.40000000,0.63953186
triangle,PID,198,198,40.41340000,-4.27800000,1.14600000,-3.79600000,0.76800000,-4.27800000,1.14600000,0.48200000,-0.37800000,0.61254224
triangle,PID,199,199,40.61670000,-4.41600000,1.18300000,-3.94700000,0.84600000,-4.41600000,1.18300000,0.46900000,-0.33700000,0.57752056
triangle,PID,200,200,40.82200000,-4.55400000,1.22000000,-4.12700000,0.88500000,-4.55400000,1.22000000,0.42700000,-0.33500000,0.54272829
triangle,PID,201,201,41.03780000,-4.69200000,1.25700000,-4.34300000,0.96300000,-4.69200000,1.25700000,0.34900000,-0.29400000,0.45632992
triangle,PID,202,202,41.23880000,-4.83000000,1.29400000,-4.50700000,1.00600000,-4.83000000,1.29400000,0.32300000,-0.28800000,0.43275051
triangle,PID,203,203,41.43950000,-4.96800000,1.33100000,-4.67300000,1.07400000,-4.96800000,1.33100000,0.29500000,-0.25700000,0.39124673
triangle,PID,204,204,41.64260000,-5.10600000,1.36800000,-4.82900000,1.13300000,-5.10600000,1.36800000,0.27700000,-0.23500000,0.36325473
triangle,PID,205,205,41.84270000,-5.24400000,1.40500000,-4.99400000,1.17900000,-5.24400000,1.40500000,0.25000000,-0.22600000,0.33701039
triangle,PID,206,206,42.04180000,-5.38200000,1.44200000,-5.15400000,1.23300000,-5.38200000,1.44200000,0.22800000,-0.20900000,0.30929759
triangle,PID,207,207,42.24230000,-5.52000000,1.47900000,-5.31800000,1.27800000,-5.52000000,1.47900000,0.20200000,-0.20100000,0.28496491
triangle,PID,208,208,42.44240000,-5.65800000,1.51600000,-5.48500000,1.32500000,-5.65800000,1.51600000,0.17300000,-0.19100000,0.25770138
triangle,PID,209,209,42.64290000,-5.79600000,1.55300000,-5.64800000,1.37300000,-5.79600000,1.55300000,0.14800000,-0.18000000,0.23303219
triangle,PID,210,210,42.85240000,-5.93400000,1.59000000,-5.79100000,1.40600000,-5.93400000,1.59000000,0.14300000,-0.18400000,0.23303433
triangle,PID,211,211,43.05790000,-6.07200000,1.62700000,-5.95000000,1.44900000,-6.07200000,1.62700000,0.12200000,-0.17800000,0.21579620
triangle,PID,212,212,43.26390000,-6.21000000,1.66400000,-6.10800000,1.50600000,-6.21000000,1.66400000,0.10200000,-0.15800000,0.18806382
triangle,PID,213,213,43.46830000,-6.34800000,1.70100000,-6.26000000,1.55400000,-6.34800000,1.70100000,0.08800000,-0.14700000,0.17132717
triangle,PID,214,214,43.67380000,-6.48600000,1.73800000,-6.42300000,1.60700000,-6.48600000,1.73800000,0.06300000,-0.13100000,0.14536162
triangle,PID,215,215,43.88030000,-6.62300000,1.77500000,-6.56700000,1.63800000,-6.62300000,1.77500000,0.05600000,-0.13700000,0.14800338
triangle,PID,216,216,44.08380000,-6.76100000,1.81200000,-6.70800000,1.68400000,-6.76100000,1.81200000,0.05300000,-0.12800000,0.13853880
triangle,PID,217,217,44.28830000,-6.89900000,1.84900000,-6.86700000,1.73200000,-6.89900000,1.84900000,0.03200000,-0.11700000,0.12129716
triangle,PID,218,218,44.49250000,-7.03700000,1.88600000,-7.01600000,1.78000000,-7.03700000,1.88600000,0.02100000,-0.10600000,0.10806017
triangle,PID,219,219,44.70530000,-7.17500000,1.92300000,-7.21600000,1.86300000,-7.17500000,1.92300000,-0.04100000,-0.06000000,0.07267049
triangle,PID,220,220,44.90590000,-7.31300000,1.96000000,-7.36300000,1.89400000,-7.31300000,1.96000000,-0.05000000,-0.06600000,0.08280097
triangle,PID,221,221,45.10830000,-7.45100000,1.99700000,-7.50900000,1.94000000,-7.45100000,1.99700000,-0.05800000,-0.05700000,0.08132035
triangle,PID,222,222,45.30860000,-7.58900000,2.03400000,-7.65000000,1.98700000,-7.58900000,2.03400000,-0.06100000,-0.04700000,0.07700649
triangle,PID,223,223,45.50920000,-7.72700000,2.07100000,-7.79800000,2.03400000,-7.72700000,2.07100000,-0.07100000,-0.03700000,0.08006248
triangle,PID,224,224,45.70630000,-7.69000000,1.93300000,-7.94900000,2.08100000,-7.69000000,1.93300000,-0.25900000,0.14800000,0.29830354
triangle,PID,225,225,45.90940000,-7.65300000,1.79500000,-8.05400000,2.08800000,-7.65300000,1.79500000,-0.40100000,0.29300000,0.49663870
triangle,PID,226,226,46.11480000,-7.61600000,1.65700000,-8.16400000,2.05800000,-7.61600000,1.65700000,-0.54800000,0.40100000,0.67904713
triangle,PID,227,227,46.32010000,-7.58000000,1.51900000,-8.23700000,2.02000000,-7.58000000,1.51900000,-0.65700000,0.50100000,0.82622636
triangle,PID,228,228,46.52360000,-7.54300000,1.38100000,-8.28600000,1.98300000,-7.54300000,1.38100000,-0.74300000,0.60200000,0.95627036
triangle,PID,229,229,46.72730000,-7.50600000,1.24300000,-8.30300000,1.94100000,-7.50600000,1.24300000,-0.79700000,0.69800000,1.05943995
triangle,PID,230,230,46.93440000,-7.46900000,1.10500000,-8.30900000,1.82800000,-7.46900000,1.10500000,-0.84000000,0.72300000,1.10830005
triangle,PID,231,231,47.13850000,-7.43200000,0.96700000,-8.29900000,1.75400000,-7.43200000,0.96700000,-0.86700000,0.78700000,1.17092186
triangle,PID,232,232,47.34240000,-7.39500000,0.82900000,-8.28300000,1.63000000,-7.39500000,0.82900000,-0.88800000,0.80100000,1.19588670
triangle,PID,233,233,47.54510000,-7.35800000,0.69100000,-8.23000000,1.51200000,-7.35800000,0.69100000,-0.87200000,0.82100000,1.19767483
triangle,PID,234,234,47.74780000,-7.32100000,0.55300000,-8.18800000,1.39500000,-7.32100000,0.55300000,-0.86700000,0.84200000,1.20857478
triangle,PID,235,235,47.95100000,-7.28400000,0.41500000,-8.14100000,1.26900000,-7.28400000,0.41500000,-0.85700000,0.85400000,1.20986156
triangle,PID,236,236,48.15510000,-7.24700000,0.27700000,-8.08900000,1.12100000,-7.24700000,0.27700000,-0.84200000,0.84400000,1.19218287
triangle,PID,237,237,48.37320000,-7.21000000,0.13900000,-8.00800000,0.92600000,-7.21000000,0.13900000,-0.79800000,0.78700000,1.12079124
triangle,PID,238,238,48.55020000,-7.17300000,0.00100000,-7.98000000,0.85300000,-7.17300000,0.00100000,-0.80700000,0.85200000,1.17352162
triangle,PID,239,239,48.75400000,-7.13600000,-0.13700000,-7.91100000,0.69900000,-7.13600000,-0.13700000,-0.77500000,0.83600000,1.13996535
triangle,PID,240,240,48.95890000,-7.09900000,-0.27500000,-7.84700000,0.55000000,-7.09900000,-0.27500000,-0.74800000,0.82500000,1.11361079
triangle,PID,241,241,49.17120000,-7.06200000,-0.41300000,-7.76000000,0.33300000,-7.06200000,-0.41300000,-0.69800000,0.74600000,1.02162615
triangle,PID,242,242,49.37180000,-7.02500000,-0.55100000,-7.68900000,0.17300000,-7.02500000,-0.55100000,-0.66400000,0.72400000,0.98238078
triangle,PID,243,243,49.57180000,-6.98800000,-0.68900000,-7.62000000,0.03800000,-6.98800000,-0.68900000,-0.63200000,0.72700000,0.96330317
triangle,PID,244,244,49.77460000,-6.95100000,-0.82700000,-7.54700000,-0.12100000,-6.95100000,-0.82700000,-0.59600000,0.70600000,0.92393290
triangle,PID,245,245,49.97490000,-6.91400000,-0.96500000,-7.48200000,-0.29900000,-6.91400000,-0.96500000,-0.56800000,0.66600000,0.87531709
triangle,PID,246,246,50.17500000,-6.87700000,-1.10300000,-7.42100000,-0.45700000,-6.87700000,-1.10300000,-0.54400000,0.64600000,0.84454248
triangle,PID,247,247,50.39250000,-6.84000000,-1.24100000,-7.34800000,-0.61700000,-6.84000000,-1.24100000,-0.50800000,0.62400000,0.80463656
triangle,PID,248,248,50.59840000,-6.80300000,-1.37900000,-7.28700000,-0.77100000,-6.80300000,-1.37900000,-0.48400000,0.60800000,0.77712290
triangle,PID,249,249,50.80330000,-6.76600000,-1.51700000,-7.24700000,-0.96700000,-6.76600000,-1.51700000,-0.48100000,0.55000000,0.73065792
triangle,PID,250,250,51.00700000,-6.72900000,-1.65500000,-7.16300000,-1.08000000,-6.72900000,-1.65500000,-0.43400000,0.57500000,0.72040336
triangle,PID,251,251,51.20950000,-6.69200000,-1.79300000,-7.09000000,-1.22300000,-6.69200000,-1.79300000,-0.39800000,0.57000000,0.69520069
triangle,PID,252,252,51.41210000,-6.65500000,-1.93100000,-7.00900000,-1.38300000,-6.65500000,-1.93100000,-0.35400000,0.54800000,0.65239559
triangle,PID,253,253,51.61920000,-6.61800000,-2.06900000,-6.95100000,-1.54600000,-6.61800000,-2.06900000,-0.33300000,0.52300000,0.62001452
triangle,PID,254,254,51.82530000,-6.58100000,-2.20700000,-6.90200000,-1.71900000,-6.58100000,-2.20700000,-0.32100000,0.48800000,0.58411043
triangle,PID,255,255,52.03800000,-6.54400000,-2.34500000,-6.80900000,-1.93800000,-6.54400000,-2.34500000,-0.26500000,0.40700000,0.48566861
triangle,PID,256,256,52.23870000,-6.50700000,-2.48300000,-6.75200000,-2.11200000,-6.50700000,-2.48300000,-0.24500000,0.37100000,0.44459645
triangle,PID,257,257,52.43830000,-6.47000000,-2.62100000,-6.70600000,-2.27400000,-6.47000000,-2.62100000,-0.23600000,0.34700000,0.41964866
triangle,PID,258,258,52.64160000,-6.43300000,-2.75900000,-6.64000000,-2.42600000,-6.43300000,-2.75900000,-0.20700000,0.33300000,0.39209438
triangle,PID,259,259,52.83830000,-6.39600000,-2.89700000,-6.58300000,-2.60200000,-6.39600000,-2.89700000,-0.18700000,0.29500000,0.34927639
triangle,PID,260,260,53.04140000,-6.35900000,-3.03500000,-6.52700000,-2.76600000,-6.35900000,-3.03500000,-0.16800000,0.26900000,0.31715138
triangle,PID,261,261,53.24120000,-6.32200000,-3.17300000,-6.48400000,-2.91000000,-6.32200000,-3.17300000,-0.16200000,0.26300000,0.30888995
triangle,PID,262,262,53.44260000,-6.28500000,-3.31100000,-6.43100000,-3.08100000,-6.28500000,-3.31100000,-0.14600000,0.23000000,0.27242614
triangle,PID,263,263,53.65390000,-6.24800000,-3.44900000,-6.38800000,-3.24600000,-6.24800000,-3.44900000,-0.14000000,0.20300000,0.24659481
triangle,PID,264,264,53.86040000,-6.21100000,-3.58700000,-6.34100000,-3.39800000,-6.21100000,-3.58700000,-0.13000000,0.18900000,0.22939268
triangle,PID,265,265,54.04890000,-6.17400000,-3.72500000,-6.29600000,-3.55700000,-6.17400000,-3.72500000,-0.12200000,0.16800000,0.20762466
triangle,PID,266,266,54.25450000,-6.13800000,-3.86300000,-6.25200000,-3.70800000,-6.13800000,-3.86300000,-0.11400000,0.15500000,0.19240842
triangle,PID,267,267,54.45670000,-6.10100000,-4.00100000,-6.20500000,-3.85400000,-6.10100000,-4.00100000,-0.10400000,0.14700000,0.18006943
triangle,PID,268,268,54.67370000,-6.06400000,-4.13900000,-6.16000000,-4.01400000,-6.06400000,-4.13900000,-0.09600000,0.12500000,0.15761028
triangle,PID,269,269,54.86180000,-6.02700000,-4.27700000,-6.11300000,-4.17200000,-6.02700000,-4.27700000,-0.08600000,0.10500000,0.13572398
triangle,PID,270,270,55.06480000,-5.99000000,-4.41500000,-6.07100000,-4.31800000,-5.99000000,-4.41500000,-0.08100000,0.09700000,0.12637247
triangle,PID,271,271,55.26830000,-5.95300000,-4.55300000,-6.01200000,-4.47800000,-5.95300000,-4.55300000,-0.05900000,0.07500000,0.09542536
triangle,PID,272,272,55.47470000,-5.91600000,-4.69100000,-5.97500000,-4.61400000,-5.91600000,-4.69100000,-0.05900000,0.07700000,0.09700515
triangle,PID,273,273,55.67910000,-5.87900000,-4.82900000,-5.93900000,-4.75500000,-5.87900000,-4.82900000,-0.06000000,0.07400000,0.09526804
triangle,PID,274,274,55.88550000,-5.84200000,-4.96700000,-5.90500000,-4.89900000,-5.84200000,-4.96700000,-0.06300000,0.06800000,0.09269844
triangle,PID,275,275,56.08810000,-5.80500000,-5.10500000,-5.86800000,-5.03200000,-5.80500000,-5.10500000,-0.06300000,0.07300000,0.09642614
triangle,PID,276,276,56.30480000,-5.76800000,-5.24300000,-5.80700000,-5.23700000,-5.76800000,-5.24300000,-0.03900000,0.00600000,0.03945884
triangle,PID,277,277,56.50480000,-5.73100000,-5.38100000,-5.77300000,-5.36800000,-5.73100000,-5.38100000,-0.04200000,0.01300000,0.04396590
triangle,PID,278,278,56.70670000,-5.69400000,-5.51900000,-5.73900000,-5.50900000,-5.69400000,-5.51900000,-0.04500000,0.01000000,0.04609772
triangle,PID,279,279,56.90710000,-5.65700000,-5.65700000,-5.70400000,-5.65100000,-5.65700000,-5.65700000,-0.04700000,0.00600000,0.04738143
triangle,PID,280,280,57.10430000,-5.55400000,-5.55400000,-5.67300000,-5.79000000,-5.55400000,-5.55400000,-0.11900000,-0.23600000,0.26430475
triangle,PID,281,281,57.30410000,-5.45100000,-5.45100000,-5.61100000,-5.91500000,-5.45100000,-5.45100000,-0.16000000,-0.46400000,0.49081157
triangle,PID,282,282,57.50730000,-5.34800000,-5.34800000,-5.54000000,-5.97800000,-5.34800000,-5.34800000,-0.19200000,-0.63000000,0.65860762
triangle,PID,283,283,57.70840000,-5.24500000,-5.24500000,-5.47900000,-6.02500000,-5.24500000,-5.24500000,-0.23400000,-0.78000000,0.81434391
triangle,PID,284,284,57.90860000,-5.14300000,-5.14300000,-5.41800000,-6.03600000,-5.14300000,-5.14300000,-0.27500000,-0.89300000,0.93438429
triangle,PID,285,285,58.12060000,-5.04000000,-5.04000000,-5.31800000,-6.01600000,-5.04000000,-5.04000000,-0.27800000,-0.97600000,1.01482018
triangle,PID,286,286,58.32520000,-4.93700000,-4.93700000,-5.26200000,-5.97400000,-4.93700000,-4.93700000,-0.32500000,-1.03700000,1.08673548
triangle,PID,287,287,58.53010000,-4.83400000,-4.83400000,-5.15300000,-5.92300000,-4.83400000,-4.83400000,-0.31900000,-1.08900000,1.13476077
triangle,PID,288,288,58.73520000,-4.73100000,-4.73100000,-5.09600000,-5.86800000,-4.73100000,-4.73100000,-0.36500000,-1.13700000,1.19414991
triangle,PID,289,289,58.92390000,-4.62800000,-4.62800000,-4.97700000,-5.76100000,-4.62800000,-4.62800000,-0.34900000,-1.13300000,1.18553364
triangle,PID,290,290,59.13050000,-4.52500000,-4.52500000,-4.89200000,-5.65000000,-4.52500000,-4.52500000,-0.36700000,-1.12500000,1.18334864
triangle,PID,291,291,59.33340000,-4.42300000,-4.42300000,-4.83000000,-5.58400000,-4.42300000,-4.42300000,-0.40700000,-1.16100000,1.23027233
triangle,PID,292,292,59.54090000,-4.32000000,-4.32000000,-4.71100000,-5.45100000,-4.32000000,-4.32000000,-0.39100000,-1.13100000,1.19667957
triangle,PID,293,293,59.74490000,-4.21700000,-4.21700000,-4.59200000,-5.31300000,-4.21700000,-4.21700000,-0.37500000,-1.09600000,1.15837861
triangle,PID,294,294,59.94910000,-4.11400000,-4.11400000,-4.47800000,-5.19200000,-4.11400000,-4.11400000,-0.36400000,-1.07800000,1.13779612
triangle,PID,295,295,60.15390000,-4.01100000,-4.01100000,-4.37700000,-5.05600000,-4.01100000,-4.01100000,-0.36600000,-1.04500000,1.10724026
triangle,PID,296,296,60.37120000,-3.90800000,-3.90800000,-4.22500000,-4.86500000,-3.90800000,-3.90800000,-0.31700000,-0.95700000,1.00813590
triangle,PID,297,297,60.57120000,-3.80600000,-3.80600000,-4.11200000,-4.73200000,-3.80600000,-3.80600000,-0.30600000,-0.92600000,0.97524971
triangle,PID,298,298,60.77110000,-3.70300000,-3.70300000,-4.00100000,-4.58800000,-3.70300000,-3.70300000,-0.29800000,-0.88500000,0.93382493
triangle,PID,299,299,60.95540000,-3.60000000,-3.60000000,-3.93700000,-4.49500000,-3.60000000,-3.60000000,-0.33700000,-0.89500000,0.95634408
triangle,PID,300,300,61.17090000,-3.49700000,-3.49700000,-3.78400000,-4.30100000,-3.49700000,-3.49700000,-0.28700000,-0.80400000,0.85368905
triangle,PID,301,301,61.37120000,-3.39400000,-3.39400000,-3.66200000,-4.15400000,-3.39400000,-3.39400000,-0.26800000,-0.76000000,0.80586848
triangle,PID,302,302,61.57080000,-3.29100000,-3.29100000,-3.56400000,-4.00800000,-3.29100000,-3.29100000,-0.27300000,-0.71700000,0.76721444
triangle,PID,303,303,61.77490000,-3.18800000,-3.18800000,-3.46600000,-3.87600000,-3.18800000,-3.18800000,-0.27800000,-0.68800000,0.74204313
triangle,PID,304,304,61.97400000,-3.08600000,-3.08600000,-3.34900000,-3.74100000,-3.08600000,-3.08600000,-0.26300000,-0.65500000,0.70582859
triangle,PID,305,305,62.17430000,-2.98300000,-2.98300000,-3.23400000,-3.59300000,-2.98300000,-2.98300000,-0.25100000,-0.61000000,0.65962186
triangle,PID,306,306,62.38600000,-2.88000000,-2.88000000,-3.14600000,-3.45700000,-2.88000000,-2.88000000,-0.26600000,-0.57700000,0.63536210
triangle,PID,307,307,62.58890000,-2.77700000,-2.77700000,-3.04200000,-3.32800000,-2.77700000,-2.77700000,-0.26500000,-0.55100000,0.61141312
triangle,PID,308,308,62.79280000,-2.67400000,-2.67400000,-2.93400000,-3.19000000,-2.67400000,-2.67400000,-0.26000000,-0.51600000,0.57780273
triangle,PID,309,309,62.99570000,-2.57100000,-2.57100000,-2.80100000,-3.04300000,-2.57100000,-2.57100000,-0.23000000,-0.47200000,0.52505619
triangle,PID,310,310,63.19760000,-2.46800000,-2.46800000,-2.70200000,-2.90400000,-2.46800000,-2.46800000,-0.23400000,-0.43600000,0.49482522
triangle,PID,311,311,63.40130000,-2.36600000,-2.36600000,-2.59500000,-2.77500000,-2.36600000,-2.36600000,-0.22900000,-0.40900000,0.46874513
triangle,PID,312,312,63.60820000,-2.26300000,-2.26300000,-2.46800000,-2.63800000,-2.26300000,-2.26300000,-0.20500000,-0.37500000,0.42737571
triangle,PID,313,313,63.81280000,-2.16000000,-2.16000000,-2.36000000,-2.50700000,-2.16000000,-2.16000000,-0.20000000,-0.34700000,0.40051092
triangle,PID,314,314,64.00310000,-2.05700000,-2.05700000,-2.26200000,-2.36500000,-2.05700000,-2.05700000,-0.20500000,-0.30800000,0.36998513
triangle,PID,315,315,64.20850000,-1.95400000,-1.95400000,-2.14200000,-2.24400000,-1.95400000,-1.95400000,-0.18800000,-0.29000000,0.34560671
triangle,PID,316,316,64.41300000,-1.85100000,-1.85100000,-2.00600000,-2.10900000,-1.85100000,-1.85100000,-0.15500000,-0.25800000,0.30098007
triangle,PID,317,317,64.61620000,-1.74800000,-1.74800000,-1.88300000,-1.96900000,-1.74800000,-1.74800000,-0.13500000,-0.22100000,0.25897104
triangle,PID,318,318,64.81980000,-1.64600000,-1.64600000,-1.79700000,-1.86000000,-1.64600000,-1.64600000,-0.15100000,-0.21400000,0.26191029
triangle,PID,319,319,65.03770000,-1.54300000,-1.54300000,-1.64400000,-1.75600000,-1.54300000,-1.54300000,-0.10100000,-0.21300000,0.23573290
triangle,PID,320,320,65.23730000,-1.44000000,-1.44000000,-1.52500000,-1.62100000,-1.44000000,-1.44000000,-0.08500000,-0.18100000,0.19996500
triangle,PID,321,321,65.43710000,-1.33700000,-1.33700000,-1.41400000,-1.50100000,-1.33700000,-1.33700000,-0.07700000,-0.16400000,0.18117671
triangle,PID,322,322,65.64000000,-1.23400000,-1.23400000,-1.31100000,-1.38100000,-1.23400000,-1.23400000,-0.07700000,-0.14700000,0.16594577
triangle,PID,323,323,65.84050000,-1.13100000,-1.13100000,-1.19100000,-1.32300000,-1.13100000,-1.13100000,-0.06000000,-0.19200000,0.20115666
triangle,PID,324,324,66.03710000,-1.02900000,-1.02900000,-1.07100000,-1.19000000,-1.02900000,-1.02900000,-0.04200000,-0.16100000,0.16638810
triangle,PID,325,325,66.24070000,-0.92600000,-0.92600000,-0.97100000,-1.06900000,-0.92600000,-0.92600000,-0.04500000,-0.14300000,0.14991331
triangle,PID,326,326,66.44020000,-0.82300000,-0.82300000,-0.86700000,-1.00000000,-0.82300000,-0.82300000,-0.04400000,-0.17700000,0.18238695
triangle,PID,327,327,66.65130000,-0.72000000,-0.72000000,-0.75100000,-0.87200000,-0.72000000,-0.72000000,-0.03100000,-0.15200000,0.15512898
triangle,PID,328,328,66.85540000,-0.61700000,-0.61700000,-0.61500000,-0.75200000,-0.61700000,-0.61700000,0.00200000,-0.13500000,0.13501481
triangle,PID,329,329,67.06140000,-0.51400000,-0.51400000,-0.50400000,-0.64200000,-0.51400000,-0.51400000,0.01000000,-0.12800000,0.12839003
triangle,PID,330,330,67.25200000,-0.41100000,-0.41100000,-0.40300000,-0.56700000,-0.41100000,-0.41100000,0.00800000,-0.15600000,0.15620499
triangle,PID,331,331,67.45820000,-0.30900000,-0.30900000,-0.28300000,-0.43400000,-0.30900000,-0.30900000,0.02600000,-0.12500000,0.12767537
triangle,PID,332,332,67.66150000,-0.20600000,-0.20600000,-0.17000000,-0.31300000,-0.20600000,-0.20600000,0.03600000,-0.10700000,0.11289376
triangle,PID,333,333,67.86600000,-0.10300000,-0.10300000,-0.05800000,-0.19400000,-0.10300000,-0.10300000,0.04500000,-0.09100000,0.10151847
triangle,PID,334,334,68.07200000,0.00000000,0.00000000,0.05000000,-0.07100000,0.00000000,0.00000000,0.05000000,-0.07100000,0.08683893
triangle,PID,335,335,68.27680000,0.03800000,-0.14000000,0.15600000,0.00600000,0.03800000,-0.14000000,0.11800000,0.14600000,0.18772320
triangle,PID,336,336,68.48170000,0.07500000,-0.28100000,0.22400000,0.10900000,0.07500000,-0.28100000,0.14900000,0.39000000,0.41749371
triangle,PID,337,337,68.68530000,0.11300000,-0.42100000,0.33300000,0.12600000,0.11300000,-0.42100000,0.22000000,0.54700000,0.58958375
triangle,PID,338,338,68.89080000,0.15100000,-0.56200000,0.39500000,0.12500000,0.15100000,-0.56200000,0.24400000,0.68700000,0.72904389
triangle,PID,339,339,69.10400000,0.18800000,-0.70200000,0.47900000,0.08900000,0.18800000,-0.70200000,0.29100000,0.79100000,0.84282976
triangle,PID,340,340,69.28360000,0.22600000,-0.84300000,0.52000000,0.04300000,0.22600000,-0.84300000,0.29400000,0.88600000,0.93350522
triangle,PID,341,341,69.48740000,0.26400000,-0.98300000,0.58100000,-0.03900000,0.26400000,-0.98300000,0.31700000,0.94400000,0.99580370
triangle,PID,342,342,69.70330000,0.30100000,-1.12400000,0.66600000,-0.14700000,0.30100000,-1.12400000,0.36500000,0.97700000,1.04295446
triangle,PID,343,343,69.90330000,0.33900000,-1.26400000,0.72400000,-0.28100000,0.33900000,-1.26400000,0.38500000,0.98300000,1.05570545
triangle,PID,344,344,70.10340000,0.37600000,-1.40500000,0.76800000,-0.39800000,0.37600000,-1.40500000,0.39200000,1.00700000,1.08060770
triangle,PID,345,345,70.30810000,0.41400000,-1.54500000,0.80700000,-0.52200000,0.41400000,-1.54500000,0.39300000,1.02300000,1.09589142
triangle,PID,346,346,70.50690000,0.45200000,-1.68600000,0.83200000,-0.66300000,0.45200000,-1.68600000,0.38000000,1.02300000,1.09129693
triangle,PID,347,347,70.70710000,0.48900000,-1.82600000,0.85900000,-0.80500000,0.48900000,-1.82600000,0.37000000,1.02100000,1.08597468
triangle,PID,348,348,70.92200000,0.52700000,-1.96700000,0.89500000,-0.94700000,0.52700000,-1.96700000,0.36800000,1.02000000,1.08435419
triangle,PID,349,349,71.11200000,0.56500000,-2.10700000,0.91800000,-1.09000000,0.56500000,-2.10700000,0.35300000,1.01700000,1.07652125
triangle,PID,350,350,71.31640000,0.60200000,-2.24800000,0.94900000,-1.23900000,0.60200000,-2.24800000,0.34700000,1.00900000,1.06700047
triangle,PID,351,351,71.52200000,0.64000000,-2.38800000,0.97200000,-1.41100000,0.64000000,-2.38800000,0.33200000,0.97700000,1.03186869
triangle,PID,352,352,71.72690000,0.67800000,-2.52900000,0.99300000,-1.56800000,0.67800000,-2.52900000,0.31500000,0.96100000,1.01130905
triangle,PID,353,353,71.93290000,0.71500000,-2.66900000,1.02400000,-1.72900000,0.71500000,-2.66900000,0.30900000,0.94000000,0.98948522
triangle,PID,354,354,72.13580000,0.75300000,-2.81000000,1.04300000,-1.88900000,0.75300000,-2.81000000,0.29000000,0.92100000,0.96557807
triangle,PID,355,355,72.34060000,0.79100000,-2.95000000,1.06700000,-2.07000000,0.79100000,-2.95000000,0.27600000,0.88000000,0.92226677
triangle,PID,356,356,72.54630000,0.82800000,-3.09100000,1.09000000,-2.25800000,0.82800000,-3.09100000,0.26200000,0.83300000,0.87323136
triangle,PID,357,357,72.74980000,0.86600000,-3.23100000,1.10600000,-2.42800000,0.86600000,-3.23100000,0.24000000,0.80300000,0.83809844
triangle,PID,358,358,72.95390000,0.90400000,-3.37200000,1.13100000,-2.61700000,0.90400000,-3.37200000,0.22700000,0.75500000,0.78838696
triangle,PID,359,359,73.14440000,0.94100000,-3.51200000,1.16100000,-2.80700000,0.94100000,-3.51200000,0.22000000,0.70500000,0.73852894
triangle,PID,360,360,73.34850000,0.97900000,-3.65300000,1.19400000,-2.97100000,0.97900000,-3.65300000,0.21500000,0.68200000,0.71508671
triangle,PID,361,361,73.55290000,1.01600000,-3.79300000,1.22400000,-3.15000000,1.01600000,-3.79300000,0.20800000,0.64300000,0.67580545
triangle,PID,362,362,73.75690000,1.05400000,-3.93400000,1.24600000,-3.34000000,1.05400000,-3.93400000,0.19200000,0.59400000,0.62425956
triangle,PID,363,363,73.97020000,1.09200000,-4.07400000,1.27000000,-3.51000000,1.09200000,-4.07400000,0.17800000,0.56400000,0.59142202
triangle,PID,364,364,74.16950000,1.12900000,-4.21500000,1.31200000,-3.69900000,1.12900000,-4.21500000,0.18300000,0.51600000,0.54748973
triangle,PID,365,365,74.36990000,1.16700000,-4.35500000,1.32800000,-3.86800000,1.16700000,-4.35500000,0.16100000,0.48700000,0.51292300
triangle,PID,366,366,74.57270000,1.20500000,-4.49600000,1.37700000,-4.04800000,1.20500000,-4.49600000,0.17200000,0.44800000,0.47988332
triangle,PID,367,367,74.77310000,1.24200000,-4.63600000,1.40400000,-4.24100000,1.24200000,-4.63600000,0.16200000,0.39500000,0.42692974
triangle,PID,368,368,74.97360000,1.28000000,-4.77700000,1.42200000,-4.39900000,1.28000000,-4.77700000,0.14200000,0.37800000,0.40379203
triangle,PID,369,369,75.18680000,1.31800000,-4.91700000,1.46000000,-4.57800000,1.31800000,-4.91700000,0.14200000,0.33900000,0.36753911
triangle,PID,370,370,75.39090000,1.35500000,-5.05800000,1.47000000,-4.74600000,1.35500000,-5.05800000,0.11500000,0.31200000,0.33251917
triangle,PID,371,371,75.58000000,1.39300000,-5.19800000,1.50600000,-4.89800000,1.39300000,-5.19800000,0.11300000,0.30000000,0.32057604
triangle,PID,372,372,75.78460000,1.43100000,-5.33900000,1.54600000,-5.09000000,1.43100000,-5.33900000,0.11500000,0.24900000,0.27427359
triangle,PID,373,373,75.99010000,1.46800000,-5.47900000,1.56300000,-5.25700000,1.46800000,-5.47900000,0.09500000,0.22200000,0.24147257
triangle,PID,374,374,76.19660000,1.50600000,-5.62000000,1.59000000,-5.41100000,1.50600000,-5.62000000,0.08400000,0.20900000,0.22524875
triangle,PID,375,375,76.40240000,1.54400000,-5.76000000,1.62300000,-5.56900000,1.54400000,-5.76000000,0.07900000,0.19100000,0.20669301
triangle,PID,376,376,76.60820000,1.58100000,-5.90100000,1.65300000,-5.71900000,1.58100000,-5.90100000,0.07200000,0.18200000,0.19572430
triangle,PID,377,377,76.81300000,1.61900000,-6.04100000,1.66800000,-5.81500000,1.61900000,-6.04100000,0.04900000,0.22600000,0.23125095
triangle,PID,378,378,77.01780000,1.65600000,-6.18200000,1.69400000,-5.97200000,1.65600000,-6.18200000,0.03800000,0.21000000,0.21341040
triangle,PID,379,379,77.22350000,1.69400000,-6.32200000,1.73000000,-6.13700000,1.69400000,-6.32200000,0.03600000,0.18500000,0.18847016
triangle,PID,380,380,77.43660000,1.73200000,-6.46300000,1.79600000,-6.35400000,1.73200000,-6.46300000,0.06400000,0.10900000,0.12640016
triangle,PID,381,381,77.63650000,1.76900000,-6.60300000,1.82200000,-6.50100000,1.76900000,-6.60300000,0.05300000,0.10200000,0.11494781
triangle,PID,382,382,77.84000000,1.80700000,-6.74400000,1.86100000,-6.64400000,1.80700000,-6.74400000,0.05400000,0.10000000,0.11364858
triangle,PID,383,383,78.04100000,1.84500000,-6.88400000,1.88100000,-6.78700000,1.84500000,-6.88400000,0.03600000,0.09700000,0.10346497
triangle,PID,384,384,78.24090000,1.88200000,-7.02500000,1.92900000,-6.95500000,1.88200000,-7.02500000,0.04700000,0.07000000,0.08431489
triangle,PID,385,385,78.44050000,1.92000000,-7.16500000,1.95500000,-7.10300000,1.92000000,-7.16500000,0.03500000,0.06200000,0.07119691
triangle,PID,386,386,78.65830000,1.95800000,-7.30600000,1.98800000,-7.26900000,1.95800000,-7.30600000,0.03000000,0.03700000,0.04763402
triangle,PID,387,387,78.86430000,1.99500000,-7.44600000,2.00300000,-7.42200000,1.99500000,-7.44600000,0.00800000,0.02400000,0.02529822
triangle,PID,388,388,79.06860000,2.03300000,-7.58700000,2.03700000,-7.55800000,2.03300000,-7.58700000,0.00400000,0.02900000,0.02927456
triangle,PID,389,389,79.27130000,2.07100000,-7.72700000,2.07800000,-7.71000000,2.07100000,-7.72700000,0.00700000,0.01700000,0.01838478
triangle,PID,390,390,79.47730000,2.17300000,-7.62500000,2.10200000,-7.86300000,2.17300000,-7.62500000,-0.07100000,-0.23800000,0.24836465
triangle,PID,391,391,79.68080000,2.27600000,-7.52200000,2.15300000,-7.98500000,2.27600000,-7.52200000,-0.12300000,-0.46300000,0.47905950
triangle,PID,392,392,79.88470000,2.37900000,-7.41900000,2.22200000,-8.05900000,2.37900000,-7.41900000,-0.15700000,-0.64000000,0.65897572
triangle,PID,393,393,80.08980000,2.48200000,-7.31600000,2.28600000,-8.11000000,2.48200000,-7.31600000,-0.19600000,-0.79400000,0.81783372
triangle,PID,394,394,80.30230000,2.58500000,-7.21300000,2.37100000,-8.10900000,2.58500000,-7.21300000,-0.21400000,-0.89600000,0.92120139
triangle,PID,395,395,80.50270000,2.68800000,-7.11000000,2.46700000,-8.07700000,2.68800000,-7.11000000,-0.22100000,-0.96700000,0.99193246
triangle,PID,396,396,80.69020000,2.79100000,-7.00700000,2.48900000,-8.02900000,2.79100000,-7.00700000,-0.30200000,-1.02200000,1.06568663
triangle,PID,397,397,80.90250000,2.89300000,-6.90500000,2.62900000,-7.95300000,2.89300000,-6.90500000,-0.26400000,-1.04800000,1.08074049
triangle,PID,398,398,81.10240000,2.99600000,-6.80200000,2.68900000,-7.90000000,2.99600000,-6.80200000,-0.30700000,-1.09800000,1.14011096
triangle,PID,399,399,81.30730000,3.09900000,-6.69900000,2.80000000,-7.78400000,3.09900000,-6.69900000,-0.29900000,-1.08500000,1.12544480
triangle,PID,400,400,81.50600000,3.20200000,-6.59600000,2.89700000,-7.67500000,3.20200000,-6.59600000,-0.30500000,-1.07900000,1.12127873
triangle,PID,401,401,81.70700000,3.30500000,-6.49300000,2.95300000,-7.59700000,3.30500000,-6.49300000,-0.35200000,-1.10400000,1.15875796
triangle,PID,402,402,81.90830000,3.40800000,-6.39000000,3.08300000,-7.46400000,3.40800000,-6.39000000,-0.32500000,-1.07400000,1.12209670
triangle,PID,403,403,82.11210000,3.51000000,-6.28700000,3.19300000,-7.33700000,3.51000000,-6.28700000,-0.31700000,-1.05000000,1.09680855
triangle,PID,404,404,82.31690000,3.61300000,-6.18500000,3.25200000,-7.20800000,3.61300000,-6.18500000,-0.36100000,-1.02300000,1.08482718
triangle,PID,405,405,82.52040000,3.71600000,-6.08200000,3.38200000,-7.06400000,3.71600000,-6.08200000,-0.33400000,-0.98200000,1.03724635
triangle,PID,406,406,82.72510000,3.81900000,-5.97900000,3.50800000,-6.93800000,3.81900000,-5.97900000,-0.31100000,-0.95900000,1.00816764
triangle,PID,407,407,82.93100000,3.92200000,-5.87600000,3.63800000,-6.80200000,3.92200000,-5.87600000,-0.28400000,-0.92600000,0.96857214
triangle,PID,408,408,83.13680000,4.02500000,-5.77300000,3.75100000,-6.65600000,4.02500000,-5.77300000,-0.27400000,-0.88300000,0.92453502
triangle,PID,409,409,83.34130000,4.12800000,-5.67000000,3.87600000,-6.52100000,4.12800000,-5.67000000,-0.25200000,-0.85100000,0.88752746
triangle,PID,410,410,83.54750000,4.23000000,-5.56800000,3.99800000,-6.37300000,4.23000000,-5.56800000,-0.23200000,-0.80500000,0.83776429
triangle,PID,411,411,83.73670000,4.33300000,-5.46500000,4.14000000,-6.23800000,4.33300000,-5.46500000,-0.19300000,-0.77300000,0.79672957
triangle,PID,412,412,83.94250000,4.43600000,-5.36200000,4.25000000,-6.09300000,4.43600000,-5.36200000,-0.18600000,-0.73100000,0.75429238
triangle,PID,413,413,84.14780000,4.53900000,-5.25900000,4.31800000,-5.96000000,4.53900000,-5.25900000,-0.22100000,-0.70100000,0.73501156
triangle,PID,414,414,84.35210000,4.64200000,-5.15600000,4.43700000,-5.82200000,4.64200000,-5.15600000,-0.20500000,-0.66600000,0.69683642
triangle,PID,415,415,84.56910000,4.74500000,-5.05300000,4.61500000,-5.62500000,4.74500000,-5.05300000,-0.13000000,-0.57200000,0.58658674
triangle,PID,416,416,84.76890000,4.84800000,-4.95000000,4.66600000,-5.48900000,4.84800000,-4.95000000,-0.18200000,-0.53900000,0.56889806
triangle,PID,417,417,84.96910000,4.95000000,-4.84800000,4.78800000,-5.35400000,4.95000000,-4.84800000,-0.16200000,-0.50600000,0.53130029
triangle,PID,418,418,85.17270000,5.05300000,-4.74500000,4.91800000,-5.20900000,5.05300000,-4.74500000,-0.13500000,-0.46400000,0.48324011
triangle,PID,419,419,85.36970000,5.15600000,-4.64200000,5.02200000,-5.07700000,5.15600000,-4.64200000,-0.13400000,-0.43500000,0.45517140
triangle,PID,420,420,85.56890000,5.25900000,-4.53900000,5.08100000,-4.94700000,5.25900000,-4.53900000,-0.17800000,-0.40800000,0.44513818
triangle,PID,421,421,85.77340000,5.36200000,-4.43600000,5.20300000,-4.80400000,5.36200000,-4.43600000,-0.15900000,-0.36800000,0.40088028
triangle,PID,422,422,85.97330000,5.46500000,-4.33300000,5.33200000,-4.66100000,5.46500000,-4.33300000,-0.13300000,-0.32800000,0.35393926
triangle,PID,423,423,86.18040000,5.56800000,-4.23000000,5.44300000,-4.53200000,5.56800000,-4.23000000,-0.12500000,-0.30200000,0.32684706
triangle,PID,424,424,86.38670000,5.67000000,-4.12800000,5.55800000,-4.39000000,5.67000000,-4.12800000,-0.11200000,-0.26200000,0.28493508
triangle,PID,425,425,86.59160000,5.77300000,-4.02500000,5.66600000,-4.24400000,5.77300000,-4.02500000,-0.10700000,-0.21900000,0.24374167
triangle,PID,426,426,86.79800000,5.87600000,-3.92200000,5.78500000,-4.16600000,5.87600000,-3.92200000,-0.09100000,-0.24400000,0.26041697
triangle,PID,427,427,86.98700000,5.97900000,-3.81900000,5.91100000,-4.03600000,5.97900000,-3.81900000,-0.06800000,-0.21700000,0.22740493
triangle,PID,428,428,87.19250000,6.08200000,-3.71600000,6.01600000,-3.91300000,6.08200000,-3.71600000,-0.06600000,-0.19700000,0.20776188
triangle,PID,429,429,87.39690000,6.18500000,-3.61300000,6.07200000,-3.82800000,6.18500000,-3.61300000,-0.11300000,-0.21500000,0.24288680
triangle,PID,430,430,87.60110000,6.28700000,-3.51000000,6.19300000,-3.66300000,6.28700000,-3.51000000,-0.09400000,-0.15300000,0.17956893
triangle,PID,431,431,87.80640000,6.39000000,-3.40800000,6.31300000,-3.53200000,6.39000000,-3.40800000,-0.07700000,-0.12400000,0.14596232
triangle,PID,432,432,88.01010000,6.49300000,-3.30500000,6.43900000,-3.45500000,6.49300000,-3.30500000,-0.05400000,-0.15000000,0.15942396
triangle,PID,433,433,88.21410000,6.59600000,-3.20200000,6.55000000,-3.34300000,6.59600000,-3.20200000,-0.04600000,-0.14100000,0.14831386
triangle,PID,434,434,88.42040000,6.69900000,-3.09900000,6.63000000,-3.20400000,6.69900000,-3.09900000,-0.06900000,-0.10500000,0.12564235
triangle,PID,435,435,88.63510000,6.80200000,-2.99600000,6.77900000,-3.09500000,6.80200000,-2.99600000,-0.02300000,-0.09900000,0.10163661
triangle,PID,436,436,88.83530000,6.90500000,-2.89300000,6.85000000,-2.96200000,6.90500000,-2.89300000,-0.05500000,-0.06900000,0.08823831
triangle,PID,437,437,89.01810000,7.00700000,-2.79100000,6.93700000,-2.88100000,7.00700000,-2.79100000,-0.07000000,-0.09000000,0.11401754
triangle,PID,438,438,89.22280000,7.11000000,-2.68800000,7.04800000,-2.74100000,7.11000000,-2.68800000,-0.06200000,-0.05300000,0.08156592
triangle,PID,439,439,89.43630000,7.21300000,-2.58500000,7.22300000,-2.62500000,7.21300000,-2.58500000,0.01000000,-0.04000000,0.04123106
triangle,PID,440,440,89.63540000,7.31600000,-2.48200000,7.34800000,-2.51000000,7.31600000,-2.48200000,0.03200000,-0.02800000,0.04252058
triangle,PID,441,441,89.83570000,7.41900000,-2.37900000,7.46200000,-2.44300000,7.41900000,-2.37900000,0.04300000,-0.06400000,0.07710383
triangle,PID,442,442,90.03900000,7.52200000,-2.27600000,7.51100000,-2.31500000,7.52200000,-2.27600000,-0.01100000,-0.03900000,0.04052160
triangle,PID,443,443,90.23860000,7.62500000,-2.17300000,7.63700000,-2.18800000,7.62500000,-2.17300000,0.01200000,-0.01500000,0.01920937
triangle,PID,444,444,90.43930000,7.72700000,-2.07100000,7.76000000,-2.06800000,7.72700000,-2.07100000,0.03300000,0.00300000,0.03313608
triangle,PID,445,445,90.65200000,7.58700000,-2.03300000,7.83600000,-2.00300000,7.58700000,-2.03300000,0.24900000,0.03000000,0.25080072
triangle,PID,446,446,90.85750000,7.44600000,-1.99500000,7.90100000,-1.86900000,7.44600000,-1.99500000,0.45500000,0.12600000,0.47212392
triangle,PID,447,447,91.06190000,7.30600000,-1.95800000,7.91000000,-1.80200000,7.30600000,-1.95800000,0.60400000,0.15600000,0.62382049
triangle,PID,448,448,91.26590000,7.16500000,-1.92000000,7.89200000,-1.73700000,7.16500000,-1.92000000,0.72700000,0.18300000,0.74967860
triangle,PID,449,449,91.45520000,7.02500000,-1.88200000,7.85800000,-1.67200000,7.02500000,-1.88200000,0.83300000,0.21000000,0.85906286
triangle,PID,450,450,91.66130000,6.88400000,-1.84500000,7.79100000,-1.61500000,6.88400000,-1.84500000,0.90700000,0.23000000,0.93570775
triangle,PID,451,451,91.86650000,6.74400000,-1.80700000,7.71300000,-1.56200000,6.74400000,-1.80700000,0.96900000,0.24500000,0.99949287
triangle,PID,452,452,92.06980000,6.60300000,-1.76900000,7.59000000,-1.53900000,6.60300000,-1.76900000,0.98700000,0.23000000,1.01344413
triangle,PID,453,453,92.27450000,6.46300000,-1.73200000,7.45700000,-1.51000000,6.46300000,-1.73200000,0.99400000,0.22200000,1.01848908
triangle,PID,454,454,92.47740000,6.32200000,-1.69400000,7.32400000,-1.47300000,6.32200000,-1.69400000,1.00200000,0.22100000,1.02608236
triangle,PID,455,455,92.68200000,6.18200000,-1.65600000,7.18200000,-1.44400000,6.18200000,-1.65600000,1.00000000,0.21200000,1.02222502
triangle,PID,456,456,92.88920000,6.04100000,-1.61900000,7.02900000,-1.41900000,6.04100000,-1.61900000,0.98800000,0.20000000,1.00803968
triangle,PID,457,457,93.10150000,5.90100000,-1.58100000,6.83100000,-1.36900000,5.90100000,-1.58100000,0.93000000,0.21200000,0.95385743
triangle,PID,458,458,93.30370000,5.76000000,-1.54400000,6.70600000,-1.35300000,5.76000000,-1.54400000,0.94600000,0.19100000,0.96508912
triangle,PID,459,459,93.50160000,5.62000000,-1.50600000,6.55000000,-1.32500000,5.62000000,-1.50600000,0.93000000,0.18100000,0.94744973
triangle,PID,460,460,93.70510000,5.47900000,-1.46800000,6.40300000,-1.29800000,5.47900000,-1.46800000,0.92400000,0.17000000,0.93950838
triangle,PID,461,461,93.90540000,5.33900000,-1.43100000,6.26100000,-1.27700000,5.33900000,-1.43100000,0.92200000,0.15400000,0.93477270
triangle,PID,462,462,94.10140000,5.19800000,-1.39300000,6.09300000,-1.24700000,5.19800000,-1.39300000,0.89500000,0.14600000,0.90683019
triangle,PID,463,463,94.30220000,5.05800000,-1.35500000,5.91600000,-1.21500000,5.05800000,-1.35500000,0.85800000,0.14000000,0.86934688
triangle,PID,464,464,94.50510000,4.91700000,-1.31800000,5.77100000,-1.19600000,4.91700000,-1.31800000,0.85400000,0.12200000,0.86267027
triangle,PID,465,465,94.70570000,4.77700000,-1.28000000,5.60700000,-1.16300000,4.77700000,-1.28000000,0.83000000,0.11700000,0.83820582
triangle,PID,466,466,94.91540000,4.63600000,-1.24200000,5.42900000,-1.12600000,4.63600000,-1.24200000,0.79300000,0.11600000,0.80143933
triangle,PID,467,467,95.12120000,4.49600000,-1.20500000,5.26100000,-1.10400000,4.49600000,-1.20500000,0.76500000,0.10100000,0.77163852
triangle,PID,468,468,95.32670000,4.35500000,-1.16700000,5.09100000,-1.06600000,4.35500000,-1.16700000,0.73600000,0.10100000,0.74289770
triangle,PID,469,469,95.53040000,4.21500000,-1.12900000,4.90700000,-1.03500000,4.21500000,-1.12900000,0.69200000,0.09400000,0.69835521
triangle,PID,470,470,95.73080000,4.07400000,-1.09200000,4.73600000,-0.99700000,4.07400000,-1.09200000,0.66200000,0.09500000,0.66878173
triangle,PID,471,471,95.93650000,3.93400000,-1.05400000,4.55400000,-0.97400000,3.93400000,-1.05400000,0.62000000,0.08000000,0.62513998
triangle,PID,472,472,96.13950000,3.79300000,-1.01600000,4.37700000,-0.94000000,3.79300000,-1.01600000,0.58400000,0.07600000,0.58892444
triangle,PID,473,473,96.34500000,3.65300000,-0.97900000,4.21900000,-0.90200000,3.65300000,-0.97900000,0.56600000,0.07700000,0.57121362
triangle,PID,474,474,96.53330000,3.51200000,-0.94100000,4.03400000,-0.86600000,3.51200000,-0.94100000,0.52200000,0.07500000,0.52736041
triangle,PID,475,475,96.73790000,3.37200000,-0.90400000,3.85300000,-0.82200000,3.37200000,-0.90400000,0.48100000,0.08200000,0.48793955
triangle,PID,476,476,96.94330000,3.23100000,-0.86600000,3.69300000,-0.80500000,3.23100000,-0.86600000,0.46200000,0.06100000,0.46600966
triangle,PID,477,477,97.14790000,3.09100000,-0.82800000,3.50100000,-0.76400000,3.09100000,-0.82800000,0.41000000,0.06400000,0.41496506
triangle,PID,478,478,97.35190000,2.95000000,-0.79100000,3.33700000,-0.73300000,2.95000000,-0.79100000,0.38700000,0.05800000,0.39132212
triangle,PID,479,479,97.56830000,2.81000000,-0.75300000,3.12400000,-0.67600000,2.81000000,-0.75300000,0.31400000,0.07700000,0.32330326
triangle,PID,480,480,97.76800000,2.66900000,-0.71500000,2.97300000,-0.65700000,2.66900000,-0.71500000,0.30400000,0.05800000,0.30948344
triangle,PID,481,481,97.96820000,2.52900000,-0.67800000,2.81000000,-0.61700000,2.52900000,-0.67800000,0.28100000,0.06100000,0.28754478
triangle,PID,482,482,98.17260000,2.38800000,-0.64000000,2.64900000,-0.58800000,2.38800000,-0.64000000,0.26100000,0.05200000,0.26612967
triangle,PID,483,483,98.37220000,2.24800000,-0.60200000,2.49700000,-0.55000000,2.24800000,-0.60200000,0.24900000,0.05200000,0.25437178
triangle,PID,484,484,98.57160000,2.10700000,-0.56500000,2.34900000,-0.50800000,2.10700000,-0.56500000,0.24200000,0.05700000,0.24862220
triangle,PID,485,485,98.77150000,1.96700000,-0.52700000,2.19700000,-0.48000000,1.96700000,-0.52700000,0.23000000,0.04700000,0.23475306
triangle,PID,486,486,98.97130000,1.82600000,-0.48900000,2.03800000,-0.44500000,1.82600000,-0.48900000,0.21200000,0.04400000,0.21651790
triangle,PID,487,487,99.17890000,1.68600000,-0.45200000,1.89600000,-0.39700000,1.68600000,-0.45200000,0.21000000,0.05500000,0.21708293
triangle,PID,488,488,99.38380000,1.54500000,-0.41400000,1.75500000,-0.37200000,1.54500000,-0.41400000,0.21000000,0.04200000,0.21415882
triangle,PID,489,489,99.59070000,1.40500000,-0.37600000,1.59500000,-0.33200000,1.40500000,-0.37600000,0.19000000,0.04400000,0.19502820
triangle,PID,490,490,99.79680000,1.26400000,-0.33900000,1.45700000,-0.30700000,1.26400000,-0.33900000,0.19300000,0.03200000,0.19563486
triangle,PID,491,491,100.00100000,1.12400000,-0.30100000,1.31200000,-0.27200000,1.12400000,-0.30100000,0.18800000,0.02900000,0.19022355
triangle,PID,492,492,100.20330000,0.98300000,-0.26400000,1.15300000,-0.23400000,0.98300000,-0.26400000,0.17000000,0.03000000,0.17262677
triangle,PID,493,493,100.40790000,0.84300000,-0.22600000,0.99600000,-0.19400000,0.84300000,-0.22600000,0.15300000,0.03200000,0.15631059
triangle,PID,494,494,100.59820000,0.70200000,-0.18800000,0.86200000,-0.16200000,0.70200000,-0.18800000,0.16000000,0.02600000,0.16209874
triangle,PID,495,495,100.80310000,0.56200000,-0.15100000,0.70300000,-0.13000000,0.56200000,-0.15100000,0.14100000,0.02100000,0.14255525
triangle,PID,496,496,101.00780000,0.42100000,-0.11300000,0.55200000,-0.08900000,0.42100000,-0.11300000,0.13100000,0.02400000,0.13318033
triangle,PID,497,497,101.21480000,0.28100000,-0.07500000,0.41600000,-0.05400000,0.28100000,-0.07500000,0.13500000,0.02100000,0.13662357
triangle,PID,498,498,101.42180000,0.14000000,-0.03800000,0.27400000,-0.02100000,0.14000000,-0.03800000,0.13400000,0.01700000,0.13507405
triangle,PID,499,499,104.86580000,0.00000000,0.00000000,-0.60600000,0.14600000,0.00000000,0.00000000,-0.60600000,0.14600000,0.62333939
lissajous,FS-EDMD-LQR,0,0,0.21230000,0.03300000,-0.02200000,0.06600000,-0.08900000,0.06600000,-0.04400000,0.00000000,-0.04500000,0.04500000
lissajous,FS-EDMD-LQR,1,2,0.61370000,0.29700000,-0.19800000,0.07300000,-0.06500000,0.33000000,-0.22000000,-0.25700000,0.15500000,0.30012331
lissajous,FS-EDMD-LQR,2,4,1.02190000,0.56100000,-0.37400000,0.39000000,-0.23900000,0.59400000,-0.39600000,-0.20400000,0.15700000,0.25741989
lissajous,FS-EDMD-LQR,3,6,1.43060000,0.82400000,-0.55000000,0.67700000,-0.46900000,0.85700000,-0.57200000,-0.18000000,0.10300000,0.20738611
lissajous,FS-EDMD-LQR,4,8,1.83780000,1.08500000,-0.72500000,0.95800000,-0.58500000,1.11900000,-0.74800000,-0.16100000,0.16300000,0.22910696
lissajous,FS-EDMD-LQR,5,10,2.24620000,1.34500000,-0.90000000,1.21200000,-0.82700000,1.37900000,-0.92300000,-0.16700000,0.09600000,0.19262658
lissajous,FS-EDMD-LQR,6,12,2.65150000,1.60400000,-1.07400000,1.47800000,-0.95000000,1.63700000,-1.09700000,-0.15900000,0.14700000,0.21654099
lissajous,FS-EDMD-LQR,7,14,3.05810000,1.86000000,-1.24800000,1.72400000,-1.13000000,1.89300000,-1.27100000,-0.16900000,0.14100000,0.22009543
lissajous,FS-EDMD-LQR,8,16,3.46290000,2.11300000,-1.42100000,1.99000000,-1.33000000,2.14600000,-1.44400000,-0.15600000,0.11400000,0.19321491
lissajous,FS-EDMD-LQR,9,18,3.87900000,2.36300000,-1.59300000,2.28900000,-1.49200000,2.39600000,-1.61600000,-0.10700000,0.12400000,0.16378339
lissajous,FS-EDMD-LQR,10,20,4.27970000,2.61000000,-1.76400000,2.46400000,-1.67400000,2.64300000,-1.78700000,-0.17900000,0.11300000,0.21168373
lissajous,FS-EDMD-LQR,11,22,4.68410000,2.85300000,-1.93400000,2.72900000,-1.77500000,2.88600000,-1.95700000,-0.15700000,0.18200000,0.24036015
lissajous,FS-EDMD-LQR,12,24,5.07910000,3.09200000,-2.10200000,2.99500000,-2.01900000,3.12500000,-2.12500000,-0.13000000,0.10600000,0.16773789
lissajous,FS-EDMD-LQR,13,26,5.48890000,3.32700000,-2.27000000,3.18900000,-2.11400000,3.35900000,-2.29300000,-0.17000000,0.17900000,0.24686231
lissajous,FS-EDMD-LQR,14,28,5.89740000,3.55700000,-2.43500000,3.46000000,-2.35800000,3.58900000,-2.45800000,-0.12900000,0.10000000,0.16322071
lissajous,FS-EDMD-LQR,15,30,6.29960000,3.78200000,-2.60000000,3.71600000,-2.49200000,3.81300000,-2.62300000,-0.09700000,0.13100000,0.16300307
lissajous,FS-EDMD-LQR,16,32,6.70890000,4.00100000,-2.76200000,3.85200000,-2.65500000,4.03200000,-2.78500000,-0.18000000,0.13000000,0.22203603
lissajous,FS-EDMD-LQR,17,34,7.11540000,4.21500000,-2.92300000,4.13200000,-2.81200000,4.24500000,-2.94600000,-0.11300000,0.13400000,0.17528548
lissajous,FS-EDMD-LQR,18,36,7.51920000,4.42300000,-3.08200000,4.36400000,-3.02600000,4.45200000,-3.10500000,-0.08800000,0.07900000,0.11825819
lissajous,FS-EDMD-LQR,19,38,7.92880000,4.62500000,-3.24000000,4.49600000,-3.13000000,4.65300000,-3.26200000,-0.15700000,0.13200000,0.20511704
lissajous,FS-EDMD-LQR,20,40,8.34590000,4.82000000,-3.39500000,4.78400000,-3.32800000,4.84700000,-3.41700000,-0.06300000,0.08900000,0.10904128
lissajous,FS-EDMD-LQR,21,42,8.74590000,5.00800000,-3.54800000,4.91400000,-3.47400000,5.03500000,-3.57000000,-0.12100000,0.09600000,0.15445711
lissajous,FS-EDMD-LQR,22,44,9.14960000,5.18900000,-3.69800000,5.10900000,-3.58400000,5.21500000,-3.72000000,-0.10600000,0.13600000,0.17242970
lissajous,FS-EDMD-LQR,23,46,9.55010000,5.36200000,-3.84700000,5.31500000,-3.80700000,5.38700000,-3.86800000,-0.07200000,0.06100000,0.09436631
lissajous,FS-EDMD-LQR,24,48,9.96600000,5.52800000,-3.99200000,5.44700000,-3.91100000,5.55200000,-4.01400000,-0.10500000,0.10300000,0.14708501
lissajous,FS-EDMD-LQR,25,50,10.37260000,5.68600000,-4.13600000,5.63600000,-4.02400000,5.70900000,-4.15700000,-0.07300000,0.13300000,0.15171684
lissajous,FS-EDMD-LQR,26,52,10.77880000,5.83600000,-4.27700000,5.79100000,-4.20400000,5.85800000,-4.29800000,-0.06700000,0.09400000,0.11543396
lissajous,FS-EDMD-LQR,27,54,11.17210000,5.97800000,-4.41500000,5.90300000,-4.34600000,5.99900000,-4.43500000,-0.09600000,0.08900000,0.13090836
lissajous,FS-EDMD-LQR,28,56,11.59220000,6.11100000,-4.55000000,6.08200000,-4.45600000,6.13100000,-4.57000000,-0.04900000,0.11400000,0.12408465
lissajous,FS-EDMD-LQR,29,58,11.99800000,6.23600000,-4.68200000,6.15000000,-4.56600000,6.25400000,-4.70200000,-0.10400000,0.13600000,0.17120748
lissajous,FS-EDMD-LQR,30,60,12.41260000,6.35100000,-4.81200000,6.35100000,-4.78100000,6.36800000,-4.83200000,-0.01700000,0.05100000,0.05375872
lissajous,FS-EDMD-LQR,31,62,12.81360000,6.45800000,-4.93800000,6.38100000,-4.84000000,6.47300000,-4.95800000,-0.09200000,0.11800000,0.14962620
lissajous,FS-EDMD-LQR,32,64,13.21770000,6.55500000,-5.06100000,6.52200000,-4.95300000,6.56900000,-5.08000000,-0.04700000,0.12700000,0.13541787
lissajous,FS-EDMD-LQR,33,66,13.61800000,6.64300000,-5.18100000,6.61500000,-5.16000000,6.65600000,-5.20000000,-0.04100000,0.04000000,0.05728001
lissajous,FS-EDMD-LQR,34,68,14.01680000,6.72200000,-5.29800000,6.67700000,-5.21300000,6.73300000,-5.31600000,-0.05600000,0.10300000,0.11723907
lissajous,FS-EDMD-LQR,35,70,14.43450000,6.79000000,-5.41200000,6.78600000,-5.38600000,6.80100000,-5.42900000,-0.01500000,0.04300000,0.04554119
lissajous,FS-EDMD-LQR,36,72,14.83490000,6.85000000,-5.52100000,6.79900000,-5.43600000,6.85800000,-5.53900000,-0.05900000,0.10300000,0.11870131
lissajous,FS-EDMD-LQR,37,74,15.24350000,6.89900000,-5.62800000,6.91100000,-5.54600000,6.90600000,-5.64500000,0.00500000,0.09900000,0.09912618
lissajous,FS-EDMD-LQR,38,76,15.64860000,6.93900000,-5.73100000,6.92800000,-5.71800000,6.94500000,-5.74700000,-0.01700000,0.02900000,0.03361547
lissajous,FS-EDMD-LQR,39,78,16.05520000,6.96900000,-5.83000000,6.95300000,-5.76000000,6.97300000,-5.84600000,-0.02000000,0.08600000,0.08829496
lissajous,FS-EDMD-LQR,40,80,16.46230000,6.98900000,-5.92600000,6.98700000,-5.84600000,6.99100000,-5.94100000,-0.00400000,0.09500000,0.09508417
lissajous,FS-EDMD-LQR,41,82,16.88270000,6.99900000,-6.01800000,7.00600000,-6.01000000,6.99900000,-6.03300000,0.00700000,0.02300000,0.02404163
lissajous,FS-EDMD-LQR,42,84,17.28250000,6.99900000,-6.10600000,7.01000000,-6.06500000,6.99800000,-6.12000000,0.01200000,0.05500000,0.05629387
lissajous,FS-EDMD-LQR,43,86,17.68160000,6.98900000,-6.19000000,7.00600000,-6.14700000,6.98600000,-6.20400000,0.02000000,0.05700000,0.06040695
lissajous,FS-EDMD-LQR,44,88,18.08590000,6.96900000,-6.27000000,6.99300000,-6.23200000,6.96500000,-6.28300000,0.02800000,0.05100000,0.05818075
lissajous,FS-EDMD-LQR,45,90,18.48670000,6.93900000,-6.34600000,6.95900000,-6.30600000,6.93300000,-6.35900000,0.02600000,0.05300000,0.05903389
lissajous,FS-EDMD-LQR,46,92,18.89550000,6.89900000,-6.41900000,6.92400000,-6.38500000,6.89200000,-6.43100000,0.03200000,0.04600000,0.05603570
lissajous,FS-EDMD-LQR,47,94,19.30340000,6.85000000,-6.48700000,6.87700000,-6.47100000,6.84000000,-6.49800000,0.03700000,0.02700000,0.04580393
lissajous,FS-EDMD-LQR,48,96,19.70980000,6.79000000,-6.55100000,6.81500000,-6.52000000,6.77900000,-6.56200000,0.03600000,0.04200000,0.05531727
lissajous,FS-EDMD-LQR,49,98,20.11660000,6.72200000,-6.61100000,6.77000000,-6.58500000,6.70800000,-6.62100000,0.06200000,0.03600000,0.07169379
lissajous,FS-EDMD-LQR,50,100,20.52490000,6.64300000,-6.66700000,6.68300000,-6.64800000,6.62800000,-6.67600000,0.05500000,0.02800000,0.06171710
lissajous,FS-EDMD-LQR,51,102,20.93150000,6.55500000,-6.71800000,6.60900000,-6.69900000,6.53800000,-6.72700000,0.07100000,0.02800000,0.07632169
lissajous,FS-EDMD-LQR,52,104,21.34850000,6.45800000,-6.76600000,6.50000000,-6.73500000,6.43900000,-6.77400000,0.06100000,0.03900000,0.07240166
lissajous,FS-EDMD-LQR,53,106,21.74830000,6.35100000,-6.80900000,6.40100000,-6.79800000,6.33100000,-6.81600000,0.07000000,0.01800000,0.07227724
lissajous,FS-EDMD-LQR,54,108,22.14850000,6.23600000,-6.84700000,6.28700000,-6.84100000,6.21400000,-6.85400000,0.07300000,0.01300000,0.07414850
lissajous,FS-EDMD-LQR,55,110,22.54910000,6.11100000,-6.88200000,6.18200000,-6.86600000,6.08800000,-6.88800000,0.09400000,0.02200000,0.09654015
lissajous,FS-EDMD-LQR,56,112,22.95420000,5.97800000,-6.91200000,6.04800000,-6.90200000,5.95300000,-6.91700000,0.09500000,0.01500000,0.09617692
lissajous,FS-EDMD-LQR,57,114,23.36080000,5.83600000,-6.93800000,5.90500000,-6.93100000,5.81000000,-6.94200000,0.09500000,0.01100000,0.09563472
lissajous,FS-EDMD-LQR,58,116,23.77980000,5.68600000,-6.95900000,5.76600000,-6.94600000,5.65800000,-6.96200000,0.10800000,0.01600000,0.10917875
lissajous,FS-EDMD-LQR,59,118,24.18520000,5.52800000,-6.97600000,5.59700000,-6.99700000,5.49800000,-6.97800000,0.09900000,-0.01900000,0.10080675
lissajous,FS-EDMD-LQR,60,120,24.57790000,5.36200000,-6.98800000,5.44900000,-6.98200000,5.33100000,-6.99000000,0.11800000,0.00800000,0.11827088
lissajous,FS-EDMD-LQR,61,122,24.99890000,5.18900000,-6.99600000,5.24300000,-6.98700000,5.15600000,-6.99700000,0.08700000,0.01000000,0.08757283
lissajous,FS-EDMD-LQR,62,124,25.41590000,5.00800000,-7.00000000,5.11000000,-7.01400000,4.97300000,-7.00000000,0.13700000,-0.01400000,0.13771347
lissajous,FS-EDMD-LQR,63,126,25.81390000,4.82000000,-6.99900000,4.90200000,-7.01300000,4.78300000,-6.99800000,0.11900000,-0.01500000,0.11994165
lissajous,FS-EDMD-LQR,64,128,26.21580000,4.62500000,-6.99400000,4.71300000,-7.00800000,4.58700000,-6.99200000,0.12600000,-0.01600000,0.12701181
lissajous,FS-EDMD-LQR,65,130,26.62050000,4.42300000,-6.98400000,4.51000000,-7.00300000,4.38400000,-6.98200000,0.12600000,-0.02100000,0.12773801
lissajous,FS-EDMD-LQR,66,132,27.01930000,4.21500000,-6.97000000,4.31500000,-6.97700000,4.17500000,-6.96700000,0.14000000,-0.01000000,0.14035669
lissajous,FS-EDMD-LQR,67,134,27.42990000,4.00100000,-6.95100000,4.10200000,-6.97300000,3.96000000,-6.94700000,0.14200000,-0.02600000,0.14436066
lissajous,FS-EDMD-LQR,68,136,27.83760000,3.78200000,-6.92800000,3.89700000,-6.94200000,3.73900000,-6.92400000,0.15800000,-0.01800000,0.15902201
lissajous,FS-EDMD-LQR,69,138,28.24050000,3.55700000,-6.90100000,3.69900000,-6.92900000,3.51300000,-6.89500000,0.18600000,-0.03400000,0.18908199
lissajous,FS-EDMD-LQR,70,140,28.64890000,3.32700000,-6.86900000,3.44700000,-6.90700000,3.28200000,-6.86300000,0.16500000,-0.04400000,0.17076592
lissajous,FS-EDMD-LQR,71,142,29.05650000,3.09200000,-6.83300000,3.16900000,-6.86600000,3.04600000,-6.82600000,0.12300000,-0.04000000,0.12934064
lissajous,FS-EDMD-LQR,72,144,29.46200000,2.85300000,-6.79300000,2.99200000,-6.83100000,2.80500000,-6.78500000,0.18700000,-0.04600000,0.19257466
lissajous,FS-EDMD-LQR,73,146,29.88210000,2.61000000,-6.74800000,2.66600000,-6.78500000,2.56100000,-6.73900000,0.10500000,-0.04600000,0.11463420
lissajous,FS-EDMD-LQR,74,148,30.28230000,2.36300000,-6.70000000,2.49800000,-6.72900000,2.31300000,-6.68900000,0.18500000,-0.04000000,0.18927493
lissajous,FS-EDMD-LQR,75,150,30.68150000,2.11300000,-6.64600000,2.26600000,-6.68500000,2.06200000,-6.63500000,0.20400000,-0.05000000,0.21003809
lissajous,FS-EDMD-LQR,76,152,31.08580000,1.86000000,-6.58900000,1.99800000,-6.64700000,1.80800000,-6.57700000,0.19000000,-0.07000000,0.20248457
lissajous,FS-EDMD-LQR,77,154,31.48550000,1.60400000,-6.52800000,1.73600000,-6.58100000,1.55200000,-6.51500000,0.18400000,-0.06600000,0.19547890
lissajous,FS-EDMD-LQR,78,156,31.89750000,1.34500000,-6.46200000,1.48900000,-6.50200000,1.29300000,-6.44800000,0.19600000,-0.05400000,0.20330273
lissajous,FS-EDMD-LQR,79,158,32.30590000,1.08500000,-6.39200000,1.21300000,-6.44300000,1.03200000,-6.37700000,0.18100000,-0.06600000,0.19265773
lissajous,FS-EDMD-LQR,80,160,32.71330000,0.82400000,-6.31800000,0.96400000,-6.37500000,0.77000000,-6.30300000,0.19400000,-0.07200000,0.20692994
lissajous,FS-EDMD-LQR,81,162,33.12270000,0.56100000,-6.24100000,0.69800000,-6.27700000,0.50600000,-6.22400000,0.19200000,-0.05300000,0.19918082
lissajous,FS-EDMD-LQR,82,164,33.52790000,0.29700000,-6.15900000,0.43700000,-6.21200000,0.24200000,-6.14100000,0.19500000,-0.07100000,0.20752349
lissajous,FS-EDMD-LQR,83,166,33.94790000,0.03300000,-6.07300000,0.16000000,-6.12900000,-0.02200000,-6.05500000,0.18200000,-0.07400000,0.19646883
lissajous,FS-EDMD-LQR,84,168,34.34760000,-0.23100000,-5.98400000,-0.10300000,-6.03900000,-0.28600000,-5.96400000,0.18300000,-0.07500000,0.19777260
lissajous,FS-EDMD-LQR,85,170,34.75100000,-0.49500000,-5.89000000,-0.31500000,-5.98800000,-0.55000000,-5.87000000,0.23500000,-0.11800000,0.26296197
lissajous,FS-EDMD-LQR,86,172,35.15140000,-0.75800000,-5.79300000,-0.59600000,-5.87900000,-0.81300000,-5.77200000,0.21700000,-0.10700000,0.24194628
lissajous,FS-EDMD-LQR,87,174,35.55040000,-1.02000000,-5.69300000,-0.85900000,-5.75100000,-1.07500000,-5.67100000,0.21600000,-0.08000000,0.23033888
lissajous,FS-EDMD-LQR,88,176,35.95590000,-1.28100000,-5.58800000,-1.12500000,-5.67800000,-1.33600000,-5.56600000,0.21100000,-0.11200000,0.23888282
lissajous,FS-EDMD-LQR,89,178,36.36210000,-1.53900000,-5.48100000,-1.38000000,-5.55500000,-1.59400000,-5.45700000,0.21400000,-0.09800000,0.23537205
lissajous,FS-EDMD-LQR,90,180,36.76870000,-1.79600000,-5.36900000,-1.64500000,-5.45200000,-1.85100000,-5.34500000,0.20600000,-0.10700000,0.23213143
lissajous,FS-EDMD-LQR,91,182,37.17760000,-2.05000000,-5.25500000,-1.86800000,-5.36200000,-2.10400000,-5.22900000,0.23600000,-0.13300000,0.27089666
lissajous,FS-EDMD-LQR,92,184,37.58460000,-2.30100000,-5.13700000,-2.12400000,-5.24100000,-2.35500000,-5.11100000,0.23100000,-0.13000000,0.26506792
lissajous,FS-EDMD-LQR,93,186,37.98810000,-2.54900000,-5.01500000,-2.39100000,-5.09700000,-2.60200000,-4.98900000,0.21100000,-0.10800000,0.23703375
lissajous,FS-EDMD-LQR,94,188,38.39710000,-2.79300000,-4.89100000,-2.65900000,-4.99500000,-2.84600000,-4.86300000,0.18700000,-0.13200000,0.22889517
lissajous,FS-EDMD-LQR,95,190,38.81880000,-3.03300000,-4.76400000,-2.93600000,-4.82500000,-3.08500000,-4.73500000,0.14900000,-0.09000000,0.17407182
lissajous,FS-EDMD-LQR,96,192,39.21320000,-3.26900000,-4.63300000,-3.11700000,-4.72900000,-3.32000000,-4.60400000,0.20300000,-0.12500000,0.23839883
lissajous,FS-EDMD-LQR,97,194,39.61410000,-3.50000000,-4.50000000,-3.38000000,-4.63200000,-3.55100000,-4.46900000,0.17100000,-0.16300000,0.23624140
lissajous,FS-EDMD-LQR,98,196,40.01800000,-3.72600000,-4.36300000,-3.61100000,-4.41200000,-3.77600000,-4.33200000,0.16500000,-0.08000000,0.18337121
lissajous,FS-EDMD-LQR,99,198,40.42820000,-3.94700000,-4.22400000,-3.84300000,-4.32300000,-3.99600000,-4.19300000,0.15300000,-0.13000000,0.20077101
lissajous,FS-EDMD-LQR,100,200,40.83140000,-4.16200000,-4.08200000,-4.00800000,-4.22600000,-4.21000000,-4.05000000,0.20200000,-0.17600000,0.26791790
lissajous,FS-EDMD-LQR,101,202,41.23720000,-4.37200000,-3.93800000,-4.27200000,-3.99000000,-4.41800000,-3.90500000,0.14600000,-0.08500000,0.16894082
lissajous,FS-EDMD-LQR,102,204,41.64680000,-4.57500000,-3.79100000,-4.45900000,-3.89900000,-4.62000000,-3.75700000,0.16100000,-0.14200000,0.21467417
lissajous,FS-EDMD-LQR,103,206,42.05540000,-4.77200000,-3.64200000,-4.67200000,-3.72900000,-4.81600000,-3.60800000,0.14400000,-0.12100000,0.18808775
lissajous,FS-EDMD-LQR,104,208,42.48040000,-4.96100000,-3.49000000,-4.90500000,-3.56400000,-5.00400000,-3.45500000,0.09900000,-0.10900000,0.14724809
lissajous,FS-EDMD-LQR,105,210,42.88120000,-5.14400000,-3.33700000,-5.05000000,-3.44000000,-5.18500000,-3.30100000,0.13500000,-0.13900000,0.19376790
lissajous,FS-EDMD-LQR,106,212,43.28020000,-5.32000000,-3.18100000,-5.22300000,-3.30600000,-5.35900000,-3.14500000,0.13600000,-0.16100000,0.21075341
lissajous,FS-EDMD-LQR,107,214,43.68510000,-5.48700000,-3.02300000,-5.45600000,-3.13600000,-5.52500000,-2.98600000,0.06900000,-0.15000000,0.16510905
lissajous,FS-EDMD-LQR,108,216,44.08580000,-5.64800000,-2.86300000,-5.55700000,-2.94100000,-5.68400000,-2.82600000,0.12700000,-0.11500000,0.17133009
lissajous,FS-EDMD-LQR,109,218,44.48460000,-5.80000000,-2.70200000,-5.73100000,-2.82500000,-5.83400000,-2.66400000,0.10300000,-0.16100000,0.19112823
lissajous,FS-EDMD-LQR,110,220,44.90330000,-5.94300000,-2.53800000,-5.90000000,-2.63800000,-5.97600000,-2.50000000,0.07600000,-0.13800000,0.15754364
lissajous,FS-EDMD-LQR,111,222,45.30870000,-6.07900000,-2.37300000,-6.00700000,-2.47300000,-6.10900000,-2.33400000,0.10200000,-0.13900000,0.17240940
lissajous,FS-EDMD-LQR,112,224,45.71380000,-6.20500000,-2.20700000,-6.16600000,-2.35000000,-6.23400000,-2.16700000,0.06800000,-0.18300000,0.19522551
lissajous,FS-EDMD-LQR,113,226,46.11660000,-6.32300000,-2.03900000,-6.27700000,-2.11900000,-6.35000000,-1.99900000,0.07300000,-0.12000000,0.14045996
lissajous,FS-EDMD-LQR,114,228,46.52420000,-6.43200000,-1.87000000,-6.39600000,-2.00200000,-6.45700000,-1.82900000,0.06100000,-0.17300000,0.18343936
lissajous,FS-EDMD-LQR,115,230,46.92720000,-6.53200000,-1.70000000,-6.48800000,-1.75100000,-6.55400000,-1.65900000,0.06600000,-0.09200000,0.11322544
lissajous,FS-EDMD-LQR,116,232,47.34800000,-6.62200000,-1.52900000,-6.58200000,-1.62100000,-6.64200000,-1.48700000,0.06000000,-0.13400000,0.14681962
lissajous,FS-EDMD-LQR,117,234,47.74730000,-6.70300000,-1.35600000,-6.67700000,-1.49900000,-6.72100000,-1.31400000,0.04400000,-0.18500000,0.19016046
lissajous,FS-EDMD-LQR,118,236,48.15180000,-6.77400000,-1.18300000,-6.76900000,-1.25300000,-6.79000000,-1.14100000,0.02100000,-0.11200000,0.11395174
lissajous,FS-EDMD-LQR,119,238,48.55110000,-6.83600000,-1.00900000,-6.81300000,-1.13600000,-6.84900000,-0.96600000,0.03600000,-0.17000000,0.17376996
lissajous,FS-EDMD-LQR,120,240,48.96630000,-6.88800000,-0.83500000,-6.88200000,-0.90900000,-6.89900000,-0.79200000,0.01700000,-0.11700000,0.11822859
lissajous,FS-EDMD-LQR,121,242,49.35950000,-6.93000000,-0.65900000,-6.91500000,-0.82300000,-6.93900000,-0.61600000,0.02400000,-0.20700000,0.20838666
lissajous,FS-EDMD-LQR,122,244,49.77120000,-6.96200000,-0.48400000,-6.96700000,-0.59000000,-6.96900000,-0.44000000,0.00200000,-0.15000000,0.15001333
lissajous,FS-EDMD-LQR,123,246,50.17740000,-6.98500000,-0.30800000,-6.98300000,-0.40000000,-6.98900000,-0.26400000,0.00600000,-0.13600000,0.13613229
lissajous,FS-EDMD-LQR,124,248,50.58360000,-6.99700000,-0.13200000,-6.99500000,-0.23400000,-6.99900000,-0.08800000,0.00400000,-0.14600000,0.14605478
lissajous,FS-EDMD-LQR,125,250,50.99190000,-7.00000000,0.04400000,-7.01600000,-0.02900000,-6.99900000,0.08800000,-0.01700000,-0.11700000,0.11822859
lissajous,FS-EDMD-LQR,126,252,51.41380000,-6.99200000,0.22000000,-7.02400000,0.12300000,-6.98900000,0.26400000,-0.03500000,-0.14100000,0.14527904
lissajous,FS-EDMD-LQR,127,254,51.81200000,-6.97500000,0.39600000,-7.00700000,0.31400000,-6.96900000,0.44000000,-0.03800000,-0.12600000,0.13160547
lissajous,FS-EDMD-LQR,128,256,52.21780000,-6.94700000,0.57200000,-6.97800000,0.49400000,-6.93900000,0.61600000,-0.03900000,-0.12200000,0.12808200
lissajous,FS-EDMD-LQR,129,258,52.61810000,-6.91000000,0.74700000,-6.94200000,0.67700000,-6.89900000,0.79200000,-0.04300000,-0.11500000,0.12277622
lissajous,FS-EDMD-LQR,130,260,53.01790000,-6.86300000,0.92200000,-6.90600000,0.83400000,-6.84900000,0.96600000,-0.05700000,-0.13200000,0.14378108
lissajous,FS-EDMD-LQR,131,262,53.42510000,-6.80600000,1.09600000,-6.84800000,0.98400000,-6.79000000,1.14100000,-0.05800000,-0.15700000,0.16737085
lissajous,FS-EDMD-LQR,132,264,53.83060000,-6.74000000,1.27000000,-6.78300000,1.18000000,-6.72100000,1.31400000,-0.06200000,-0.13400000,0.14764823
lissajous,FS-EDMD-LQR,133,266,54.23730000,-6.66300000,1.44200000,-6.71600000,1.34700000,-6.64200000,1.48700000,-0.07400000,-0.14000000,0.15835403
lissajous,FS-EDMD-LQR,134,268,54.64610000,-6.57800000,1.61400000,-6.65500000,1.54700000,-6.55400000,1.65900000,-0.10100000,-0.11200000,0.15081446
lissajous,FS-EDMD-LQR,135,270,55.05370000,-6.48300000,1.78500000,-6.55100000,1.67500000,-6.45700000,1.82900000,-0.09400000,-0.15400000,0.18042173
lissajous,FS-EDMD-LQR,136,272,55.46400000,-6.37900000,1.95500000,-6.44600000,1.85700000,-6.35000000,1.99900000,-0.09600000,-0.14200000,0.17140595
lissajous,FS-EDMD-LQR,137,274,55.88040000,-6.26500000,2.12300000,-6.32800000,2.06300000,-6.23400000,2.16700000,-0.09400000,-0.10400000,0.14018559
lissajous,FS-EDMD-LQR,138,276,56.28000000,-6.14300000,2.29000000,-6.21700000,2.20500000,-6.10900000,2.33400000,-0.10800000,-0.12900000,0.16824090
lissajous,FS-EDMD-LQR,139,278,56.68490000,-6.01200000,2.45600000,-6.12800000,2.38600000,-5.97600000,2.50000000,-0.15200000,-0.11400000,0.19000000
lissajous,FS-EDMD-LQR,140,280,57.08470000,-5.87200000,2.62000000,-5.92800000,2.56700000,-5.83400000,2.66400000,-0.09400000,-0.09700000,0.13507405
lissajous,FS-EDMD-LQR,141,282,57.48510000,-5.72500000,2.78300000,-5.82000000,2.68300000,-5.68400000,2.82600000,-0.13600000,-0.14300000,0.19734488
lissajous,FS-EDMD-LQR,142,284,57.90120000,-5.56900000,2.94300000,-5.70500000,2.88000000,-5.52500000,2.98600000,-0.18000000,-0.10600000,0.20889232
lissajous,FS-EDMD-LQR,143,286,58.30510000,-5.40500000,3.10200000,-5.49300000,3.06000000,-5.35900000,3.14500000,-0.13400000,-0.08500000,0.15868522
lissajous,FS-EDMD-LQR,144,288,58.71530000,-5.23300000,3.25900000,-5.33500000,3.18400000,-5.18500000,3.30100000,-0.15000000,-0.11700000,0.19023407
lissajous,FS-EDMD-LQR,145,290,59.11820000,-5.05400000,3.41400000,-5.17100000,3.33400000,-5.00400000,3.45500000,-0.16700000,-0.12100000,0.20622803
lissajous,FS-EDMD-LQR,146,292,59.52390000,-4.86700000,3.56700000,-4.93800000,3.53100000,-4.81600000,3.60800000,-0.12200000,-0.07700000,0.14426711
lissajous,FS-EDMD-LQR,147,294,59.92390000,-4.67400000,3.71700000,-4.83000000,3.63900000,-4.62000000,3.75700000,-0.21000000,-0.11800000,0.24088171
lissajous,FS-EDMD-LQR,148,296,60.35500000,-4.47400000,3.86500000,-4.59000000,3.82000000,-4.41800000,3.90500000,-0.17200000,-0.08500000,0.19185672
lissajous,FS-EDMD-LQR,149,298,60.75470000,-4.26800000,4.01100000,-4.40300000,3.94800000,-4.21000000,4.05000000,-0.19300000,-0.10200000,0.21829567
lissajous,FS-EDMD-LQR,150,300,61.15380000,-4.05600000,4.15400000,-4.18500000,4.09600000,-3.99600000,4.19300000,-0.18900000,-0.09700000,0.21243823
lissajous,FS-EDMD-LQR,151,302,61.56010000,-3.83700000,4.29400000,-3.95100000,4.25700000,-3.77600000,4.33200000,-0.17500000,-0.07500000,0.19039433
lissajous,FS-EDMD-LQR,152,304,61.96760000,-3.61400000,4.43200000,-3.79000000,4.36900000,-3.55100000,4.46900000,-0.23900000,-0.10000000,0.25907721
lissajous,FS-EDMD-LQR,153,306,62.36140000,-3.38500000,4.56700000,-3.53600000,4.55600000,-3.32000000,4.60400000,-0.21600000,-0.04800000,0.22126907
lissajous,FS-EDMD-LQR,154,308,62.77970000,-3.15100000,4.69900000,-3.31000000,4.63900000,-3.08500000,4.73500000,-0.22500000,-0.09600000,0.24462420
lissajous,FS-EDMD-LQR,155,310,63.18840000,-2.91300000,4.82800000,-3.06900000,4.74400000,-2.84600000,4.86300000,-0.22300000,-0.11900000,0.25276471
lissajous,FS-EDMD-LQR,156,312,63.59860000,-2.67100000,4.95400000,-2.84500000,4.96200000,-2.60200000,4.98900000,-0.24300000,-0.02700000,0.24449540
lissajous,FS-EDMD-LQR,157,314,64.02190000,-2.42500000,5.07600000,-2.56200000,5.01400000,-2.35500000,5.11100000,-0.20700000,-0.09700000,0.22860009
lissajous,FS-EDMD-LQR,158,316,64.41770000,-2.17600000,5.19600000,-2.32500000,5.12700000,-2.10400000,5.22900000,-0.22100000,-0.10200000,0.24340296
lissajous,FS-EDMD-LQR,159,318,64.81940000,-1.92300000,5.31200000,-2.12100000,5.30000000,-1.85100000,5.34500000,-0.27000000,-0.04500000,0.27372431
lissajous,FS-EDMD-LQR,160,320,65.22120000,-1.66800000,5.42500000,-1.84100000,5.37800000,-1.59400000,5.45700000,-0.24700000,-0.07900000,0.25932605
lissajous,FS-EDMD-LQR,161,322,65.62560000,-1.41000000,5.53500000,-1.60100000,5.50500000,-1.33600000,5.56600000,-0.26500000,-0.06100000,0.27193014
lissajous,FS-EDMD-LQR,162,324,66.03370000,-1.15000000,5.64100000,-1.32300000,5.60300000,-1.07500000,5.67100000,-0.24800000,-0.06800000,0.25715365
lissajous,FS-EDMD-LQR,163,326,66.44200000,-0.88900000,5.74400000,-1.07400000,5.71600000,-0.81300000,5.77200000,-0.26100000,-0.05600000,0.26694007
lissajous,FS-EDMD-LQR,164,328,66.85130000,-0.62700000,5.84200000,-0.80900000,5.83000000,-0.55000000,5.87000000,-0.25900000,-0.04000000,0.26207060
lissajous,FS-EDMD-LQR,165,330,67.28570000,-0.36300000,5.93800000,-0.45800000,5.90500000,-0.28600000,5.96400000,-0.17200000,-0.05900000,0.18183784
lissajous,FS-EDMD-LQR,166,332,67.68700000,-0.09900000,6.02900000,-0.29400000,5.98000000,-0.02200000,6.05500000,-0.27200000,-0.07500000,0.28215067
lissajous,FS-EDMD-LQR,167,334,68.08700000,0.16500000,6.11600000,-0.03200000,6.10900000,0.24200000,6.14100000,-0.27400000,-0.03200000,0.27586228
lissajous,FS-EDMD-LQR,168,336,68.48780000,0.42900000,6.20000000,0.26800000,6.17000000,0.50600000,6.22400000,-0.23800000,-0.05400000,0.24404918
lissajous,FS-EDMD-LQR,169,338,68.88870000,0.69200000,6.28000000,0.54400000,6.25200000,0.77000000,6.30300000,-0.22600000,-0.05100000,0.23168297
lissajous,FS-EDMD-LQR,170,340,69.29180000,0.95500000,6.35600000,0.79600000,6.34400000,1.03200000,6.37700000,-0.23600000,-0.03300000,0.23829603
lissajous,FS-EDMD-LQR,171,342,69.69160000,1.21600000,6.42800000,1.05100000,6.40700000,1.29300000,6.44800000,-0.24200000,-0.04100000,0.24544857
lissajous,FS-EDMD-LQR,172,344,70.09440000,1.47500000,6.49500000,1.32900000,6.47900000,1.55200000,6.51500000,-0.22300000,-0.03600000,0.22588714
lissajous,FS-EDMD-LQR,173,346,70.50460000,1.73200000,6.55900000,1.57700000,6.54300000,1.80800000,6.57700000,-0.23100000,-0.03400000,0.23348876
lissajous,FS-EDMD-LQR,174,348,70.91160000,1.98700000,6.61800000,1.83400000,6.62200000,2.06200000,6.63500000,-0.22800000,-0.01300000,0.22837031
lissajous,FS-EDMD-LQR,175,350,71.32320000,2.23800000,6.67400000,2.08100000,6.65400000,2.31300000,6.68900000,-0.23200000,-0.03500000,0.23462523
lissajous,FS-EDMD-LQR,176,352,71.75000000,2.48700000,6.72500000,2.40300000,6.72300000,2.56100000,6.73900000,-0.15800000,-0.01600000,0.15880806
lissajous,FS-EDMD-LQR,177,354,72.15400000,2.73200000,6.77100000,2.57400000,6.75800000,2.80500000,6.78500000,-0.23100000,-0.02700000,0.23257257
lissajous,FS-EDMD-LQR,178,356,72.55520000,2.97300000,6.81400000,2.86500000,6.82300000,3.04600000,6.82600000,-0.18100000,-0.00300000,0.18102486
lissajous,FS-EDMD-LQR,179,358,72.95910000,3.21000000,6.85200000,3.11100000,6.84800000,3.28200000,6.86300000,-0.17100000,-0.01500000,0.17165663
lissajous,FS-EDMD-LQR,180,360,73.37560000,3.44300000,6.88600000,3.32700000,6.88400000,3.51300000,6.89500000,-0.18600000,-0.01100000,0.18632498
lissajous,FS-EDMD-LQR,181,362,73.79840000,3.67000000,6.91500000,3.52400000,6.91300000,3.73900000,6.92400000,-0.21500000,-0.01100000,0.21528121
lissajous,FS-EDMD-LQR,182,364,74.18910000,3.89200000,6.94000000,3.78100000,6.93100000,3.96000000,6.94700000,-0.17900000,-0.01600000,0.17971366
lissajous,FS-EDMD-LQR,183,366,74.62140000,4.10900000,6.96100000,4.03200000,6.95800000,4.17500000,6.96700000,-0.14300000,-0.00900000,0.14328294
lissajous,FS-EDMD-LQR,184,368,75.02220000,4.32000000,6.97800000,4.20800000,6.97700000,4.38400000,6.98200000,-0.17600000,-0.00500000,0.17607101
lissajous,FS-EDMD-LQR,185,370,75.41880000,4.52500000,6.98900000,4.41600000,6.99500000,4.58700000,6.99200000,-0.17100000,0.00300000,0.17102631
lissajous,FS-EDMD-LQR,186,372,75.82470000,4.72300000,6.99700000,4.65600000,7.01200000,4.78300000,6.99800000,-0.12700000,0.01400000,0.12776932
lissajous,FS-EDMD-LQR,187,374,76.22460000,4.91500000,7.00000000,4.79400000,7.00200000,4.97300000,7.00000000,-0.17900000,0.00200000,0.17901117
lissajous,FS-EDMD-LQR,188,376,76.62560000,5.09900000,6.99900000,5.00300000,7.00900000,5.15600000,6.99700000,-0.15300000,0.01200000,0.15346987
lissajous,FS-EDMD-LQR,189,378,77.04320000,5.27600000,6.99300000,5.19300000,7.01800000,5.33100000,6.99000000,-0.13800000,0.02800000,0.14081193
lissajous,FS-EDMD-LQR,190,380,77.43820000,5.44600000,6.98200000,5.33000000,7.00500000,5.49800000,6.97800000,-0.16800000,0.02700000,0.17015581
lissajous,FS-EDMD-LQR,191,382,77.84410000,5.60800000,6.96800000,5.56500000,6.98500000,5.65800000,6.96200000,-0.09300000,0.02300000,0.09580188
lissajous,FS-EDMD-LQR,192,384,78.25330000,5.76200000,6.94900000,5.66200000,6.96600000,5.81000000,6.94200000,-0.14800000,0.02400000,0.14993332
lissajous,FS-EDMD-LQR,193,386,78.66410000,5.90800000,6.92500000,5.84200000,6.96200000,5.95300000,6.91700000,-0.11100000,0.04500000,0.11977479
lissajous,FS-EDMD-LQR,194,388,79.08590000,6.04600000,6.89700000,6.01300000,6.93100000,6.08800000,6.88800000,-0.07500000,0.04300000,0.08645230
lissajous,FS-EDMD-LQR,195,390,79.48690000,6.17400000,6.86500000,6.09300000,6.87800000,6.21400000,6.85400000,-0.12100000,0.02400000,0.12335720
lissajous,FS-EDMD-LQR,196,392,79.88550000,6.29400000,6.82900000,6.26600000,6.86500000,6.33100000,6.81600000,-0.06500000,0.04900000,0.08140025
lissajous,FS-EDMD-LQR,197,394,80.28500000,6.40600000,6.78800000,6.35300000,6.82900000,6.43900000,6.77400000,-0.08600000,0.05500000,0.10208330
lissajous,FS-EDMD-LQR,198,396,80.69020000,6.50700000,6.74300000,6.46400000,6.75800000,6.53800000,6.72700000,-0.07400000,0.03100000,0.08023092
lissajous,FS-EDMD-LQR,199,398,81.09430000,6.60000000,6.69300000,6.55300000,6.74500000,6.62800000,6.67600000,-0.07500000,0.06900000,0.10191173
lissajous,FS-EDMD-LQR,200,400,81.51320000,6.68300000,6.63900000,6.65400000,6.69000000,6.70800000,6.62100000,-0.05400000,0.06900000,0.08761849
lissajous,FS-EDMD-LQR,201,402,81.90650000,6.75700000,6.58200000,6.72300000,6.61100000,6.77900000,6.56200000,-0.05600000,0.04900000,0.07441102
lissajous,FS-EDMD-LQR,202,404,82.31300000,6.82100000,6.52000000,6.79600000,6.55300000,6.84000000,6.49800000,-0.04400000,0.05500000,0.07043437
lissajous,FS-EDMD-LQR,203,406,82.72080000,6.87600000,6.45300000,6.86700000,6.51200000,6.89200000,6.43100000,-0.02500000,0.08100000,0.08477028
lissajous,FS-EDMD-LQR,204,408,83.13270000,6.92000000,6.38300000,6.90200000,6.43500000,6.93300000,6.35900000,-0.03100000,0.07600000,0.08207923
lissajous,FS-EDMD-LQR,205,410,83.55060000,6.95500000,6.30900000,6.94100000,6.32900000,6.96500000,6.28300000,-0.02400000,0.04600000,0.05188449
lissajous,FS-EDMD-LQR,206,412,83.95170000,6.98000000,6.23100000,6.96800000,6.29500000,6.98600000,6.20400000,-0.01800000,0.09100000,0.09276314
lissajous,FS-EDMD-LQR,207,414,84.35770000,6.99500000,6.14800000,6.99800000,6.18400000,6.99800000,6.12000000,0.00000000,0.06400000,0.06400000
lissajous,FS-EDMD-LQR,208,416,84.75760000,7.00000000,6.06200000,7.00500000,6.11500000,6.99900000,6.03300000,0.00600000,0.08200000,0.08221922
lissajous,FS-EDMD-LQR,209,418,85.15870000,6.99500000,5.97200000,7.01000000,6.01600000,6.99100000,5.94100000,0.01900000,0.07500000,0.07736924
lissajous,FS-EDMD-LQR,210,420,85.56290000,6.98000000,5.87800000,7.01700000,5.92800000,6.97300000,5.84600000,0.04400000,0.08200000,0.09305912
lissajous,FS-EDMD-LQR,211,422,85.97760000,6.95500000,5.78100000,6.98100000,5.81800000,6.94500000,5.74700000,0.03600000,0.07100000,0.07960528
lissajous,FS-EDMD-LQR,212,424,86.38340000,6.92000000,5.68000000,6.94800000,5.72400000,6.90600000,5.64500000,0.04200000,0.07900000,0.08947067
lissajous,FS-EDMD-LQR,213,426,86.78960000,6.87600000,5.57500000,6.91800000,5.63000000,6.85800000,5.53900000,0.06000000,0.09100000,0.10900000
lissajous,FS-EDMD-LQR,214,428,87.19790000,6.82100000,5.46700000,6.85800000,5.51200000,6.80100000,5.42900000,0.05700000,0.08300000,0.10068764
lissajous,FS-EDMD-LQR,215,430,87.62400000,6.75700000,5.35500000,6.79600000,5.39500000,6.73300000,5.31600000,0.06300000,0.07900000,0.10104454
lissajous,FS-EDMD-LQR,216,432,88.02130000,6.68300000,5.24000000,6.74400000,5.30500000,6.65600000,5.20000000,0.08800000,0.10500000,0.13700000
lissajous,FS-EDMD-LQR,217,434,88.41910000,6.60000000,5.12200000,6.64100000,5.16100000,6.56900000,5.08000000,0.07200000,0.08100000,0.10837435
lissajous,FS-EDMD-LQR,218,436,88.82360000,6.50700000,5.00000000,6.57000000,5.05800000,6.47300000,4.95800000,0.09700000,0.10000000,0.13931619
lissajous,FS-EDMD-LQR,219,438,89.22580000,6.40600000,4.87500000,6.46800000,4.94100000,6.36800000,4.83200000,0.10000000,0.10900000,0.14792228
lissajous,FS-EDMD-LQR,220,440,89.62720000,6.29400000,4.74700000,6.36500000,4.79400000,6.25400000,4.70200000,0.11100000,0.09200000,0.14417004
lissajous,FS-EDMD-LQR,221,442,90.03740000,6.17400000,4.61600000,6.23200000,4.67100000,6.13100000,4.57000000,0.10100000,0.10100000,0.14283557
lissajous,FS-EDMD-LQR,222,444,90.44130000,6.04600000,4.48300000,6.13800000,4.52900000,5.99900000,4.43500000,0.13900000,0.09400000,0.16780048
lissajous,FS-EDMD-LQR,223,446,90.84850000,5.90800000,4.34600000,5.96800000,4.39900000,5.85800000,4.29800000,0.11000000,0.10100000,0.14933519
lissajous,FS-EDMD-LQR,224,448,91.25890000,5.76200000,4.20700000,5.82200000,4.27600000,5.70900000,4.15700000,0.11300000,0.11900000,0.16410363
lissajous,FS-EDMD-LQR,225,450,91.66680000,5.60800000,4.06400000,5.68600000,4.11000000,5.55200000,4.01400000,0.13400000,0.09600000,0.16483932
lissajous,FS-EDMD-LQR,226,452,92.08420000,5.44600000,3.92000000,5.52800000,3.97100000,5.38700000,3.86800000,0.14100000,0.10300000,0.17461386
lissajous,FS-EDMD-LQR,227,454,92.48620000,5.27600000,3.77300000,5.38500000,3.84400000,5.21500000,3.72000000,0.17000000,0.12400000,0.21041863
lissajous,FS-EDMD-LQR,228,456,92.88660000,5.09900000,3.62300000,5.16100000,3.65900000,5.03500000,3.57000000,0.12600000,0.08900000,0.15426276
lissajous,FS-EDMD-LQR,229,458,93.28670000,4.91500000,3.47100000,5.03800000,3.53800000,4.84700000,3.41700000,0.19100000,0.12100000,0.22610175
lissajous,FS-EDMD-LQR,230,460,93.68860000,4.72300000,3.31700000,4.80400000,3.36400000,4.65300000,3.26200000,0.15100000,0.10200000,0.18222239
lissajous,FS-EDMD-LQR,231,462,94.09530000,4.52500000,3.16100000,4.65300000,3.21500000,4.45200000,3.10500000,0.20100000,0.11000000,0.22913097
lissajous,FS-EDMD-LQR,232,464,94.50750000,4.32000000,3.00300000,4.39300000,3.08800000,4.24500000,2.94600000,0.14800000,0.14200000,0.20510485
lissajous,FS-EDMD-LQR,233,466,94.90710000,4.10900000,2.84300000,4.26600000,2.89600000,4.03200000,2.78500000,0.23400000,0.11100000,0.25899228
lissajous,FS-EDMD-LQR,234,468,95.31340000,3.89200000,2.68100000,3.99500000,2.75900000,3.81300000,2.62300000,0.18200000,0.13600000,0.22720035
lissajous,FS-EDMD-LQR,235,470,95.72170000,3.67000000,2.51800000,3.80200000,2.57500000,3.58900000,2.45800000,0.21300000,0.11700000,0.24301852
lissajous,FS-EDMD-LQR,236,472,96.12720000,3.44300000,2.35300000,3.60900000,2.44800000,3.35900000,2.29300000,0.25000000,0.15500000,0.29415132
lissajous,FS-EDMD-LQR,237,474,96.55680000,3.21000000,2.18600000,3.28300000,2.23200000,3.12500000,2.12500000,0.15800000,0.10700000,0.19082191
lissajous,FS-EDMD-LQR,238,476,96.95440000,2.97300000,2.01800000,3.16300000,2.13500000,2.88600000,1.95700000,0.27700000,0.17800000,0.32926129
lissajous,FS-EDMD-LQR,239,478,97.35650000,2.73200000,1.84900000,2.86200000,1.87900000,2.64300000,1.78700000,0.21900000,0.09200000,0.23753947
lissajous,FS-EDMD-LQR,240,480,97.75720000,2.48700000,1.67800000,2.62600000,1.75100000,2.39600000,1.61600000,0.23000000,0.13500000,0.26669271
lissajous,FS-EDMD-LQR,241,482,98.16410000,2.23800000,1.50700000,2.41700000,1.62500000,2.14600000,1.44400000,0.27100000,0.18100000,0.32588648
lissajous,FS-EDMD-LQR,242,484,98.57060000,1.98700000,1.33500000,2.12100000,1.37400000,1.89300000,1.27100000,0.22800000,0.10300000,0.25018593
lissajous,FS-EDMD-LQR,243,486,98.97360000,1.73200000,1.16100000,1.88900000,1.25100000,1.63700000,1.09700000,0.25200000,0.15400000,0.29533032
lissajous,FS-EDMD-LQR,244,488,99.37890000,1.47500000,0.98700000,1.61700000,1.08200000,1.37900000,0.92300000,0.23800000,0.15900000,0.28622544
lissajous,FS-EDMD-LQR,245,490,99.78690000,1.21600000,0.81300000,1.34500000,0.86300000,1.11900000,0.74800000,0.22600000,0.11500000,0.25357642
lissajous,FS-EDMD-LQR,246,492,100.19030000,0.95500000,0.63700000,1.11500000,0.73700000,0.85700000,0.57200000,0.25800000,0.16500000,0.30624990
lissajous,FS-EDMD-LQR,247,494,100.60990000,0.69200000,0.46200000,0.80400000,0.52500000,0.59400000,0.39600000,0.21000000,0.12900000,0.24645689
lissajous,FS-EDMD-LQR,248,496,101.01400000,0.42900000,0.28600000,0.58000000,0.35900000,0.33000000,0.22000000,0.25000000,0.13900000,0.28604370
lissajous,FS-EDMD-LQR,249,498,101.41340000,0.16500000,0.11000000,0.33500000,0.18500000,0.06600000,0.04400000,0.26900000,0.14100000,0.30371368
lissajous,FS-EDMD-LQR,250,500,101.81260000,-0.09900000,-0.06600000,0.06100000,0.00700000,-0.19800000,-0.13200000,0.25900000,0.13900000,0.29394217
lissajous,FS-EDMD-LQR,251,502,102.23010000,-0.36300000,-0.24200000,-0.18700000,-0.14800000,-0.46200000,-0.30800000,0.27500000,0.16000000,0.31815877
lissajous,FS-EDMD-LQR,252,504,102.63580000,-0.62700000,-0.41800000,-0.46100000,-0.35800000,-0.72600000,-0.48400000,0.26500000,0.12600000,0.29342972
lissajous,FS-EDMD-LQR,253,506,103.03950000,-0.88900000,-0.59400000,-0.71200000,-0.52400000,-0.98800000,-0.66000000,0.27600000,0.13600000,0.30768815
lissajous,FS-EDMD-LQR,254,508,103.44220000,-1.15000000,-0.76900000,-0.98300000,-0.70000000,-1.24900000,-0.83500000,0.26600000,0.13500000,0.29829683
lissajous,FS-EDMD-LQR,255,510,103.84980000,-1.41000000,-0.94400000,-1.22400000,-0.87100000,-1.50900000,-1.01000000,0.28500000,0.13900000,0.31708989
lissajous,FS-EDMD-LQR,256,512,104.25540000,-1.66800000,-1.11800000,-1.47300000,-1.05000000,-1.76600000,-1.18400000,0.29300000,0.13400000,0.32218783
lissajous,FS-EDMD-LQR,257,514,104.67580000,-1.92300000,-1.29100000,-1.79400000,-1.26500000,-2.02000000,-1.35800000,0.22600000,0.09300000,0.24438699
lissajous,FS-EDMD-LQR,258,516,105.07730000,-2.17600000,-1.46400000,-2.02400000,-1.36700000,-2.27200000,-1.53000000,0.24800000,0.16300000,0.29677096
lissajous,FS-EDMD-LQR,259,518,105.47540000,-2.42500000,-1.63600000,-2.25700000,-1.56800000,-2.52000000,-1.70200000,0.26300000,0.13400000,0.29516944
lissajous,FS-EDMD-LQR,260,520,105.87820000,-2.67100000,-1.80600000,-2.49300000,-1.73900000,-2.76500000,-1.87200000,0.27200000,0.13300000,0.30277549
lissajous,FS-EDMD-LQR,261,522,106.28210000,-2.91300000,-1.97600000,-2.74500000,-1.86800000,-3.00600000,-2.04100000,0.26100000,0.17300000,0.31312937
lissajous,FS-EDMD-LQR,262,524,106.69000000,-3.15100000,-2.14400000,-2.98300000,-2.10800000,-3.24300000,-2.20900000,0.26000000,0.10100000,0.27892831
lissajous,FS-EDMD-LQR,263,526,107.09610000,-3.38500000,-2.31100000,-3.22600000,-2.23200000,-3.47500000,-2.37600000,0.24900000,0.14400000,0.28764040
lissajous,FS-EDMD-LQR,264,528,107.50140000,-3.61400000,-2.47700000,-3.47200000,-2.40800000,-3.70200000,-2.54100000,0.23000000,0.13300000,0.26568590
lissajous,FS-EDMD-LQR,265,530,107.90760000,-3.83700000,-2.64100000,-3.67900000,-2.61700000,-3.92300000,-2.70400000,0.24400000,0.08700000,0.25904633
lissajous,FS-EDMD-LQR,266,532,108.31220000,-4.05600000,-2.80300000,-3.93300000,-2.69600000,-4.13900000,-2.86600000,0.20600000,0.17000000,0.26708800
lissajous,FS-EDMD-LQR,267,534,108.74290000,-4.26800000,-2.96300000,-4.12200000,-2.93400000,-4.35000000,-3.02600000,0.22800000,0.09200000,0.24586175
lissajous,FS-EDMD-LQR,268,536,109.12630000,-4.47400000,-3.12200000,-4.32300000,-3.03000000,-4.55400000,-3.18400000,0.23100000,0.15400000,0.27762745
lissajous,FS-EDMD-LQR,269,538,109.54580000,-4.67400000,-3.27900000,-4.58100000,-3.25200000,-4.75100000,-3.34000000,0.17000000,0.08800000,0.19142623
lissajous,FS-EDMD-LQR,270,540,109.94530000,-4.86700000,-3.43300000,-4.75300000,-3.36200000,-4.94200000,-3.49400000,0.18900000,0.13200000,0.23053199
lissajous,FS-EDMD-LQR,271,542,110.34670000,-5.05400000,-3.58500000,-4.97200000,-3.48900000,-5.12600000,-3.64500000,0.15400000,0.15600000,0.21920766
lissajous,FS-EDMD-LQR,272,544,110.76220000,-5.23300000,-3.73600000,-5.13400000,-3.69200000,-5.30200000,-3.79500000,0.16800000,0.10300000,0.19706090
lissajous,FS-EDMD-LQR,273,546,111.16570000,-5.40500000,-3.88300000,-5.31700000,-3.83600000,-5.47100000,-3.94200000,0.15400000,0.10600000,0.18695454
lissajous,FS-EDMD-LQR,274,548,111.57020000,-5.56900000,-4.02900000,-5.50600000,-3.96700000,-5.63200000,-4.08600000,0.12600000,0.11900000,0.17331186
lissajous,FS-EDMD-LQR,275,550,111.97410000,-5.72500000,-4.17100000,-5.62300000,-4.09100000,-5.78500000,-4.22800000,0.16200000,0.13700000,0.21216267
lissajous,FS-EDMD-LQR,276,552,112.38010000,-5.87200000,-4.31100000,-5.79900000,-4.28500000,-5.93000000,-4.36700000,0.13100000,0.08200000,0.15454773
lissajous,FS-EDMD-LQR,277,554,112.78610000,-6.01200000,-4.44900000,-5.93500000,-4.39900000,-6.06600000,-4.50300000,0.13100000,0.10400000,0.16726327
lissajous,FS-EDMD-LQR,278,556,113.19030000,-6.14300000,-4.58300000,-6.08600000,-4.47200000,-6.19300000,-4.63700000,0.10700000,0.16500000,0.19665706
lissajous,FS-EDMD-LQR,279,558,113.60810000,-6.26500000,-4.71500000,-6.23300000,-4.67700000,-6.31200000,-4.76700000,0.07900000,0.09000000,0.11975391
lissajous,FS-EDMD-LQR,280,560,114.00890000,-6.37900000,-4.84400000,-6.32200000,-4.78900000,-6.42200000,-4.89500000,0.10000000,0.10600000,0.14572577
lissajous,FS-EDMD-LQR,281,562,114.41180000,-6.48300000,-4.96900000,-6.42400000,-4.89700000,-6.52300000,-5.01900000,0.09900000,0.12200000,0.15711461
lissajous,FS-EDMD-LQR,282,564,114.82400000,-6.57800000,-5.09200000,-6.51500000,-4.99600000,-6.61400000,-5.14100000,0.09900000,0.14500000,0.17557335
lissajous,FS-EDMD-LQR,283,566,115.22940000,-6.66300000,-5.21100000,-6.62100000,-5.15600000,-6.69600000,-5.25900000,0.07500000,0.10300000,0.12741272
lissajous,FS-EDMD-LQR,284,568,115.63410000,-6.74000000,-5.32700000,-6.70300000,-5.24400000,-6.76800000,-5.37300000,0.06500000,0.12900000,0.14445068
lissajous,FS-EDMD-LQR,285,570,116.03850000,-6.80600000,-5.43900000,-6.75600000,-5.38300000,-6.83100000,-5.48500000,0.07500000,0.10200000,0.12660569
lissajous,FS-EDMD-LQR,286,572,116.44140000,-6.86300000,-5.54800000,-6.83000000,-5.48500000,-6.88400000,-5.59200000,0.05400000,0.10700000,0.11985408
lissajous,FS-EDMD-LQR,287,574,116.84710000,-6.91000000,-5.65400000,-6.87900000,-5.60100000,-6.92700000,-5.69700000,0.04800000,0.09600000,0.10733126
lissajous,FS-EDMD-LQR,288,576,117.25360000,-6.94700000,-5.75600000,-6.93700000,-5.69500000,-6.96000000,-5.79700000,0.02300000,0.10200000,0.10456099
lissajous,FS-EDMD-LQR,289,578,117.67410000,-6.97500000,-5.85400000,-6.96100000,-5.83500000,-6.98300000,-5.89400000,0.02200000,0.05900000,0.06296825
lissajous,FS-EDMD-LQR,290,580,118.07350000,-6.99200000,-5.94900000,-6.98800000,-5.90700000,-6.99700000,-5.98700000,0.00900000,0.08000000,0.08050466
lissajous,FS-EDMD-LQR,291,582,118.48000000,-7.00000000,-6.04000000,-6.98700000,-5.98100000,-7.00000000,-6.07700000,0.01300000,0.09600000,0.09687621
lissajous,FS-EDMD-LQR,292,584,118.87930000,-6.99700000,-6.12700000,-6.98600000,-6.07900000,-6.99300000,-6.16200000,0.00700000,0.08300000,0.08329466
lissajous,FS-EDMD-LQR,293,586,119.29510000,-6.98500000,-6.21000000,-6.98300000,-6.17100000,-6.97700000,-6.24400000,-0.00600000,0.07300000,0.07324616
lissajous,FS-EDMD-LQR,294,588,119.70020000,-6.96200000,-6.29000000,-6.97800000,-6.24300000,-6.95000000,-6.32200000,-0.02800000,0.07900000,0.08381527
lissajous,FS-EDMD-LQR,295,590,120.10220000,-6.93000000,-6.36500000,-6.93400000,-6.31500000,-6.91300000,-6.39500000,-0.02100000,0.08000000,0.08271034
lissajous,FS-EDMD-LQR,296,592,120.50220000,-6.88800000,-6.43600000,-6.90500000,-6.39700000,-6.86700000,-6.46500000,-0.03800000,0.06800000,0.07789737
lissajous,FS-EDMD-LQR,297,594,120.90880000,-6.83600000,-6.50300000,-6.86500000,-6.45700000,-6.81100000,-6.53100000,-0.05400000,0.07400000,0.09160786
lissajous,FS-EDMD-LQR,298,596,121.31660000,-6.77400000,-6.56600000,-6.80500000,-6.52400000,-6.74500000,-6.59200000,-0.06000000,0.06800000,0.09068627
lissajous,FS-EDMD-LQR,299,598,121.71940000,-6.70300000,-6.62500000,-6.72600000,-6.58700000,-6.67000000,-6.64900000,-0.05600000,0.06200000,0.08354639
lissajous,FS-EDMD-LQR,300,600,122.14130000,-6.62200000,-6.68000000,-6.67900000,-6.64100000,-6.58500000,-6.70200000,-0.09400000,0.06100000,0.11205802
lissajous,FS-EDMD-LQR,301,602,122.54560000,-6.53200000,-6.73100000,-6.56700000,-6.69400000,-6.49000000,-6.75100000,-0.07700000,0.05700000,0.09580188
lissajous,FS-EDMD-LQR,302,604,122.94630000,-6.43200000,-6.77700000,-6.49700000,-6.75200000,-6.38600000,-6.79500000,-0.11100000,0.04300000,0.11903781
lissajous,FS-EDMD-LQR,303,606,123.34590000,-6.32300000,-6.81900000,-6.37600000,-6.79500000,-6.27400000,-6.83600000,-0.10200000,0.04100000,0.10993180
lissajous,FS-EDMD-LQR,304,608,123.75510000,-6.20500000,-6.85600000,-6.27400000,-6.82700000,-6.15200000,-6.87100000,-0.12200000,0.04400000,0.12969194
lissajous,FS-EDMD-LQR,305,610,124.15660000,-6.07900000,-6.89000000,-6.15500000,-6.86600000,-6.02100000,-6.90300000,-0.13400000,0.03700000,0.13901439
lissajous,FS-EDMD-LQR,306,612,124.56510000,-5.94300000,-6.91900000,-6.03200000,-6.89800000,-5.88200000,-6.93000000,-0.15000000,0.03200000,0.15337536
lissajous,FS-EDMD-LQR,307,614,124.98400000,-5.80000000,-6.94300000,-5.87300000,-6.93300000,-5.73500000,-6.95300000,-0.13800000,0.02000000,0.13944174
lissajous,FS-EDMD-LQR,308,616,125.38720000,-5.64800000,-6.96300000,-5.76300000,-6.94500000,-5.57900000,-6.97100000,-0.18400000,0.02600000,0.18582788
lissajous,FS-EDMD-LQR,309,618,125.79070000,-5.48700000,-6.97900000,-5.55200000,-6.96400000,-5.41500000,-6.98500000,-0.13700000,0.02100000,0.13860014
lissajous,FS-EDMD-LQR,310,620,126.20850000,-5.32000000,-6.99100000,-5.40200000,-6.98000000,-5.24400000,-6.99400000,-0.15800000,0.01400000,0.15861904
lissajous,FS-EDMD-LQR,311,622,126.60840000,-5.14400000,-6.99700000,-5.28800000,-6.99600000,-5.06500000,-6.99900000,-0.22300000,0.00300000,0.22302018
lissajous,FS-EDMD-LQR,312,624,127.00800000,-4.96100000,-7.00000000,-5.05300000,-6.98800000,-4.87900000,-7.00000000,-0.17400000,0.01200000,0.17441330
lissajous,FS-EDMD-LQR,313,626,127.41240000,-4.77200000,-6.99800000,-4.87900000,-7.00300000,-4.68600000,-6.99600000,-0.19300000,-0.00700000,0.19312690
lissajous,FS-EDMD-LQR,314,628,127.81280000,-4.57500000,-6.99200000,-4.71200000,-6.99700000,-4.48600000,-6.98700000,-0.22600000,-0.01000000,0.22622113
lissajous,FS-EDMD-LQR,315,630,128.22510000,-4.37200000,-6.98100000,-4.46000000,-6.99800000,-4.28000000,-6.97500000,-0.18000000,-0.02300000,0.18146349
lissajous,FS-EDMD-LQR,316,632,128.62890000,-4.16200000,-6.96600000,-4.29300000,-6.97000000,-4.06800000,-6.95800000,-0.22500000,-0.01200000,0.22531977
lissajous,FS-EDMD-LQR,317,634,129.03300000,-3.94700000,-6.94600000,-4.04400000,-6.95800000,-3.85000000,-6.93600000,-0.19400000,-0.02200000,0.19524344
lissajous,FS-EDMD-LQR,318,636,129.44040000,-3.72600000,-6.92200000,-3.88300000,-6.94500000,-3.62600000,-6.91000000,-0.25700000,-0.03500000,0.25937232
lissajous,FS-EDMD-LQR,319,638,129.84650000,-3.50000000,-6.89400000,-3.63400000,-6.90500000,-3.39800000,-6.88000000,-0.23600000,-0.02500000,0.23732046
lissajous,FS-EDMD-LQR,320,640,130.25070000,-3.26900000,-6.86100000,-3.40600000,-6.87700000,-3.16400000,-6.84500000,-0.24200000,-0.03200000,0.24410653
lissajous,FS-EDMD-LQR,321,642,130.67360000,-3.03300000,-6.82400000,-3.12900000,-6.84900000,-2.92600000,-6.80600000,-0.20300000,-0.04300000,0.20750422
lissajous,FS-EDMD-LQR,322,644,131.07410000,-2.79300000,-6.78200000,-2.98600000,-6.79400000,-2.68400000,-6.76200000,-0.30200000,-0.03200000,0.30369063
lissajous,FS-EDMD-LQR,323,646,131.47420000,-2.54900000,-6.73700000,-2.70500000,-6.74200000,-2.43800000,-6.71500000,-0.26700000,-0.02700000,0.26836170
lissajous,FS-EDMD-LQR,324,648,131.87810000,-2.30100000,-6.68700000,-2.48400000,-6.68700000,-2.18800000,-6.66300000,-0.29600000,-0.02400000,0.29697138
lissajous,FS-EDMD-LQR,325,650,132.29200000,-2.05000000,-6.63200000,-2.20800000,-6.62100000,-1.93600000,-6.60700000,-0.27200000,-0.01400000,0.27236006
lissajous,FS-EDMD-LQR,326,652,132.69400000,-1.79600000,-6.57400000,-2.01100000,-6.58800000,-1.68000000,-6.54600000,-0.33100000,-0.04200000,0.33365401
lissajous,FS-EDMD-LQR,327,654,133.09690000,-1.53900000,-6.51200000,-1.71200000,-6.51700000,-1.42200000,-6.48200000,-0.29000000,-0.03500000,0.29210443
lissajous,FS-EDMD-LQR,328,656,133.50110000,-1.28100000,-6.44500000,-1.47100000,-6.45300000,-1.16200000,-6.41300000,-0.30900000,-0.04000000,0.31157824
lissajous,FS-EDMD-LQR,329,658,133.90690000,-1.02000000,-6.37400000,-1.19600000,-6.38700000,-0.90100000,-6.34100000,-0.29500000,-0.04600000,0.29856490
lissajous,FS-EDMD-LQR,330,660,134.31630000,-0.75800000,-6.29900000,-0.94700000,-6.30500000,-0.63800000,-6.26400000,-0.30900000,-0.04100000,0.31170820
lissajous,FS-EDMD-LQR,331,662,134.72130000,-0.49500000,-6.22000000,-0.66900000,-6.25200000,-0.37400000,-6.18300000,-0.29500000,-0.06900000,0.30296204
lissajous,FS-EDMD-LQR,332,664,135.14150000,-0.23100000,-6.13800000,-0.35500000,-6.14400000,-0.11000000,-6.09900000,-0.24500000,-0.04500000,0.24909837
lissajous,FS-EDMD-LQR,333,666,135.54100000,0.03300000,-6.05100000,-0.12200000,-6.08300000,0.15400000,-6.01000000,-0.27600000,-0.07300000,0.28549081
lissajous,FS-EDMD-LQR,334,668,135.94490000,0.29700000,-5.96100000,0.13900000,-6.00500000,0.41800000,-5.91800000,-0.27900000,-0.08700000,0.29224989
lissajous,FS-EDMD-LQR,335,670,136.34510000,0.56100000,-5.86600000,0.39700000,-5.91100000,0.68200000,-5.82200000,-0.28500000,-0.08900000,0.29857327
lissajous,FS-EDMD-LQR,336,672,136.75670000,0.82400000,-5.76900000,0.65800000,-5.79500000,0.94500000,-5.72200000,-0.28700000,-0.07300000,0.29613848
lissajous,FS-EDMD-LQR,337,674,137.16370000,1.08500000,-5.66700000,0.92100000,-5.72000000,1.20600000,-5.61900000,-0.28500000,-0.10100000,0.30236733
lissajous,FS-EDMD-LQR,338,676,137.57010000,1.34500000,-5.56200000,1.19100000,-5.60100000,1.46500000,-5.51200000,-0.27400000,-0.08900000,0.28809200
lissajous,FS-EDMD-LQR,339,678,137.97820000,1.60400000,-5.45300000,1.45200000,-5.51100000,1.72300000,-5.40100000,-0.27100000,-0.11000000,0.29247393
lissajous,FS-EDMD-LQR,340,680,138.38280000,1.86000000,-5.34100000,1.71200000,-5.40700000,1.97800000,-5.28800000,-0.26600000,-0.11900000,0.29140522
lissajous,FS-EDMD-LQR,341,682,138.78710000,2.11300000,-5.22600000,1.94600000,-5.25900000,2.23000000,-5.17000000,-0.28400000,-0.08900000,0.29761888
lissajous,FS-EDMD-LQR,342,684,139.19120000,2.36300000,-5.10700000,2.21700000,-5.15000000,2.47900000,-5.05000000,-0.26200000,-0.10000000,0.28043538
lissajous,FS-EDMD-LQR,343,686,139.60760000,2.61000000,-4.98500000,2.49800000,-5.00600000,2.72500000,-4.92600000,-0.22700000,-0.08000000,0.24068444
lissajous,FS-EDMD-LQR,344,688,140.01130000,2.85300000,-4.85900000,2.66200000,-4.92300000,2.96600000,-4.80000000,-0.30400000,-0.12300000,0.32794054
lissajous,FS-EDMD-LQR,345,690,140.41080000,3.09200000,-4.73100000,2.94500000,-4.79200000,3.20300000,-4.67000000,-0.25800000,-0.12200000,0.28539096
lissajous,FS-EDMD-LQR,346,692,140.81880000,3.32700000,-4.60000000,3.20100000,-4.64000000,3.43600000,-4.53700000,-0.23500000,-0.10300000,0.25658137
lissajous,FS-EDMD-LQR,347,694,141.22900000,3.55700000,-4.46600000,3.46000000,-4.52200000,3.66400000,-4.40100000,-0.20400000,-0.12100000,0.23718558
lissajous,FS-EDMD-LQR,348,696,141.63510000,3.78200000,-4.32900000,3.63600000,-4.40100000,3.88700000,-4.26300000,-0.25100000,-0.13800000,0.28643498
lissajous,FS-EDMD-LQR,349,698,142.04240000,4.00100000,-4.18900000,3.90300000,-4.21200000,4.10400000,-4.12200000,-0.20100000,-0.09000000,0.22022943
lissajous,FS-EDMD-LQR,350,700,142.45020000,4.21500000,-4.04700000,4.08000000,-4.10500000,4.31500000,-3.97800000,-0.23500000,-0.12700000,0.26712170
lissajous,FS-EDMD-LQR,351,702,142.85660000,4.42300000,-3.90200000,4.32800000,-3.99100000,4.52000000,-3.83200000,-0.19200000,-0.15900000,0.24928899
lissajous,FS-EDMD-LQR,352,704,143.27400000,4.62500000,-3.75400000,4.53100000,-3.79600000,4.71900000,-3.68300000,-0.18800000,-0.11300000,0.21934676
lissajous,FS-EDMD-LQR,353,706,143.67440000,4.82000000,-3.60400000,4.73100000,-3.66000000,4.91100000,-3.53200000,-0.18000000,-0.12800000,0.22087100
lissajous,FS-EDMD-LQR,354,708,144.07830000,5.00800000,-3.45200000,4.88300000,-3.50000000,5.09600000,-3.37800000,-0.21300000,-0.12200000,0.24546487
lissajous,FS-EDMD-LQR,355,710,144.47850000,5.18900000,-3.29800000,5.06000000,-3.38600000,5.27300000,-3.22300000,-0.21300000,-0.16300000,0.26821260
lissajous,FS-EDMD-LQR,356,712,144.87810000,5.36200000,-3.14200000,5.29300000,-3.19300000,5.44300000,-3.06600000,-0.15000000,-0.12700000,0.19654262
lissajous,FS-EDMD-LQR,357,714,145.28610000,5.52800000,-2.98300000,5.42900000,-3.05800000,5.60600000,-2.90600000,-0.17700000,-0.15200000,0.23330881
lissajous,FS-EDMD-LQR,358,716,145.69290000,5.68600000,-2.82300000,5.60000000,-2.87800000,5.76000000,-2.74500000,-0.16000000,-0.13300000,0.20806009
lissajous,FS-EDMD-LQR,359,718,146.09580000,5.83600000,-2.66100000,5.78700000,-2.75000000,5.90600000,-2.58200000,-0.11900000,-0.16800000,0.20587618
lissajous,FS-EDMD-LQR,360,720,146.51280000,5.97800000,-2.49700000,5.90800000,-2.54000000,6.04400000,-2.41700000,-0.13600000,-0.12300000,0.18337121
lissajous,FS-EDMD-LQR,361,722,146.91530000,6.11100000,-2.33200000,6.02100000,-2.43200000,6.17300000,-2.25100000,-0.15200000,-0.18100000,0.23635778
lissajous,FS-EDMD-LQR,362,724,147.31810000,6.23600000,-2.16500000,6.18600000,-2.24200000,6.29300000,-2.08300000,-0.10700000,-0.15900000,0.19165072
lissajous,FS-EDMD-LQR,363,726,147.72320000,6.35100000,-1.99700000,6.29600000,-2.08100000,6.40400000,-1.91400000,-0.10800000,-0.16700000,0.19887936
lissajous,FS-EDMD-LQR,364,728,148.14070000,6.45800000,-1.82800000,6.36600000,-1.86100000,6.50600000,-1.74400000,-0.14000000,-0.11700000,0.18245273
lissajous,FS-EDMD-LQR,365,730,148.53990000,6.55500000,-1.65700000,6.49000000,-1.75000000,6.59900000,-1.57300000,-0.10900000,-0.17700000,0.20787015
lissajous,FS-EDMD-LQR,366,732,148.94430000,6.64300000,-1.48600000,6.60700000,-1.54500000,6.68300000,-1.40100000,-0.07600000,-0.14400000,0.16282506
lissajous,FS-EDMD-LQR,367,734,149.34430000,6.72200000,-1.31300000,6.67500000,-1.39000000,6.75700000,-1.22800000,-0.08200000,-0.16200000,0.18157092
lissajous,FS-EDMD-LQR,368,736,149.75810000,6.79000000,-1.14000000,6.74000000,-1.22200000,6.82100000,-1.05400000,-0.08100000,-0.16800000,0.18650737
lissajous,FS-EDMD-LQR,369,738,150.16220000,6.85000000,-0.96500000,6.81100000,-1.03700000,6.87600000,-0.87900000,-0.06500000,-0.15800000,0.17084789
lissajous,FS-EDMD-LQR,370,740,150.56500000,6.89900000,-0.79100000,6.86300000,-0.86600000,6.92000000,-0.70400000,-0.05700000,-0.16200000,0.17173526
lissajous,FS-EDMD-LQR,371,742,150.97160000,6.93900000,-0.61600000,6.91200000,-0.75200000,6.95500000,-0.52800000,-0.04300000,-0.22400000,0.22808989
lissajous,FS-EDMD-LQR,372,744,151.37580000,6.96900000,-0.44000000,6.93100000,-0.49900000,6.98000000,-0.35200000,-0.04900000,-0.14700000,0.15495161
lissajous,FS-EDMD-LQR,373,746,151.78290000,6.98900000,-0.26400000,6.98100000,-0.36400000,6.99500000,-0.17600000,-0.01400000,-0.18800000,0.18852056
lissajous,FS-EDMD-LQR,374,748,152.20690000,6.99900000,-0.08800000,6.97700000,-0.14100000,7.00000000,-0.00000000,-0.02300000,-0.14100000,0.14286357
lissajous,FS-EDMD-LQR,375,750,152.60580000,7.00000000,0.00000000,6.98100000,-0.00100000,7.00000000,0.00000000,-0.01900000,-0.00100000,0.01902630
lissajous,FS-EDMD-LQR,376,752,153.00690000,6.99500000,0.17600000,7.00300000,0.05800000,6.99500000,0.17600000,0.00800000,-0.11800000,0.11827088
lissajous,FS-EDMD-LQR,377,754,153.41090000,6.98000000,0.35200000,6.96700000,0.23600000,6.98000000,0.35200000,-0.01300000,-0.11600000,0.11672618
lissajous,FS-EDMD-LQR,378,756,153.81590000,6.95500000,0.52800000,6.96000000,0.47900000,6.95500000,0.52800000,0.00500000,-0.04900000,0.04925444
lissajous,FS-EDMD-LQR,379,758,154.22290000,6.92000000,0.70300000,6.93500000,0.58200000,6.92000000,0.70400000,0.01500000,-0.12200000,0.12291867
lissajous,FS-EDMD-LQR,380,760,154.62940000,6.87600000,0.87800000,6.88300000,0.75600000,6.87600000,0.87900000,0.00700000,-0.12300000,0.12319903
lissajous,FS-EDMD-LQR,381,762,155.03600000,6.82100000,1.05300000,6.82800000,0.99900000,6.82100000,1.05400000,0.00700000,-0.05500000,0.05544367
lissajous,FS-EDMD-LQR,382,764,155.44010000,6.75700000,1.22600000,6.79500000,1.13300000,6.75700000,1.22800000,0.03800000,-0.09500000,0.10231813
lissajous,FS-EDMD-LQR,383,766,155.87690000,6.68300000,1.39900000,6.70000000,1.29800000,6.68300000,1.40100000,0.01700000,-0.10300000,0.10439349
lissajous,FS-EDMD-LQR,384,768,156.27690000,6.60000000,1.57100000,6.61000000,1.47800000,6.59900000,1.57300000,0.01100000,-0.09500000,0.09563472
lissajous,FS-EDMD-LQR,385,770,156.67700000,6.50700000,1.74300000,6.53800000,1.65100000,6.50600000,1.74400000,0.03200000,-0.09300000,0.09835141
lissajous,FS-EDMD-LQR,386,772,157.08910000,6.40600000,1.91300000,6.43800000,1.82400000,6.40400000,1.91400000,0.03400000,-0.09000000,0.09620811
lissajous,FS-EDMD-LQR,387,774,157.49140000,6.29400000,2.08100000,6.33600000,2.00100000,6.29300000,2.08300000,0.04300000,-0.08200000,0.09259050
lissajous,FS-EDMD-LQR,388,776,157.89120000,6.17400000,2.24900000,6.23300000,2.13000000,6.17300000,2.25100000,0.06000000,-0.12100000,0.13505925
lissajous,FS-EDMD-LQR,389,778,158.30270000,6.04600000,2.41500000,6.10900000,2.30000000,6.04400000,2.41700000,0.06500000,-0.11700000,0.13384319
lissajous,FS-EDMD-LQR,390,780,158.70360000,5.90800000,2.57900000,5.99600000,2.49100000,5.90600000,2.58200000,0.09000000,-0.09100000,0.12798828
lissajous,FS-EDMD-LQR,391,782,159.11120000,5.76200000,2.74200000,5.83900000,2.63300000,5.76000000,2.74500000,0.07900000,-0.11200000,0.13705838
lissajous,FS-EDMD-LQR,392,784,159.51740000,5.60800000,2.90300000,5.65100000,2.81500000,5.60600000,2.90600000,0.04500000,-0.09100000,0.10151847
lissajous,FS-EDMD-LQR,393,786,159.92590000,5.44600000,3.06300000,5.54200000,2.99700000,5.44300000,3.06600000,0.09900000,-0.06900000,0.12067311
lissajous,FS-EDMD-LQR,394,788,160.35160000,5.27600000,3.22000000,5.35200000,3.14400000,5.27300000,3.22300000,0.07900000,-0.07900000,0.11172287
lissajous,FS-EDMD-LQR,395,790,160.75140000,5.09900000,3.37500000,5.17400000,3.24700000,5.09600000,3.37800000,0.07800000,-0.13100000,0.15246311
lissajous,FS-EDMD-LQR,396,792,161.14410000,4.91500000,3.52900000,4.99000000,3.45700000,4.91100000,3.53200000,0.07900000,-0.07500000,0.10893117
lissajous,FS-EDMD-LQR,397,794,161.55640000,4.72300000,3.68000000,4.84600000,3.59700000,4.71900000,3.68300000,0.12700000,-0.08600000,0.15337862
lissajous,FS-EDMD-LQR,398,796,161.96230000,4.52500000,3.82800000,4.60800000,3.69900000,4.52000000,3.83200000,0.08800000,-0.13300000,0.15947727
lissajous,FS-EDMD-LQR,399,798,162.36810000,4.32000000,3.97400000,4.41300000,3.91600000,4.31500000,3.97800000,0.09800000,-0.06200000,0.11596551
lissajous,FS-EDMD-LQR,400,800,162.77470000,4.10900000,4.11800000,4.20700000,4.01000000,4.10400000,4.12200000,0.10300000,-0.11200000,0.15216110
lissajous,FS-EDMD-LQR,401,802,163.18350000,3.89200000,4.25900000,4.00300000,4.18600000,3.88700000,4.26300000,0.11600000,-0.07700000,0.13923003
lissajous,FS-EDMD-LQR,402,804,163.60630000,3.67000000,4.39800000,3.69100000,4.32400000,3.66400000,4.40100000,0.02700000,-0.07700000,0.08159657
lissajous,FS-EDMD-LQR,403,806,164.00560000,3.44300000,4.53300000,3.59000000,4.44200000,3.43600000,4.53700000,0.15400000,-0.09500000,0.18094474
lissajous,FS-EDMD-LQR,404,808,164.40580000,3.21000000,4.66600000,3.28700000,4.58400000,3.20300000,4.67000000,0.08400000,-0.08600000,0.12021647
lissajous,FS-EDMD-LQR,405,810,164.80960000,2.97300000,4.79600000,3.09000000,4.66900000,2.96600000,4.80000000,0.12400000,-0.13100000,0.18038015
lissajous,FS-EDMD-LQR,406,812,165.21080000,2.73200000,4.92200000,2.86600000,4.88100000,2.72500000,4.92600000,0.14100000,-0.04500000,0.14800676
lissajous,FS-EDMD-LQR,407,814,165.61070000,2.48700000,5.04600000,2.58000000,4.92000000,2.47900000,5.05000000,0.10100000,-0.13000000,0.16462381
lissajous,FS-EDMD-LQR,408,816,166.01840000,2.23800000,5.16700000,2.39800000,5.10400000,2.23000000,5.17000000,0.16800000,-0.06600000,0.18049931
lissajous,FS-EDMD-LQR,409,818,166.43640000,1.98700000,5.28400000,2.11700000,5.17900000,1.97800000,5.28800000,0.13900000,-0.10900000,0.17664088
lissajous,FS-EDMD-LQR,410,820,166.82950000,1.73200000,5.39800000,1.86300000,5.28300000,1.72300000,5.40100000,0.14000000,-0.11800000,0.18309560
lissajous,FS-EDMD-LQR,411,822,167.23730000,1.47500000,5.50800000,1.58900000,5.42900000,1.46500000,5.51200000,0.12400000,-0.08300000,0.14921461
lissajous,FS-EDMD-LQR,412,824,167.64730000,1.21600000,5.61500000,1.40000000,5.53000000,1.20600000,5.61900000,0.19400000,-0.08900000,0.21344086
lissajous,FS-EDMD-LQR,413,826,168.05260000,0.95500000,5.71800000,1.10200000,5.69500000,0.94500000,5.72200000,0.15700000,-0.02700000,0.15930474
lissajous,FS-EDMD-LQR,414,828,168.47200000,0.69200000,5.81800000,0.79400000,5.74000000,0.68200000,5.82200000,0.11200000,-0.08200000,0.13880922
lissajous,FS-EDMD-LQR,415,830,168.87200000,0.42900000,5.91400000,0.59100000,5.85500000,0.41800000,5.91800000,0.17300000,-0.06300000,0.18411410
lissajous,FS-EDMD-LQR,416,832,169.27300000,0.16500000,6.00600000,0.30600000,5.93700000,0.15400000,6.01000000,0.15200000,-0.07300000,0.16862088
lissajous,FS-EDMD-LQR,417,834,169.67590000,-0.09900000,6.09500000,0.04400000,6.03100000,-0.11000000,6.09900000,0.15400000,-0.06800000,0.16834488
lissajous,FS-EDMD-LQR,418,836,170.08620000,-0.36300000,6.18000000,-0.20600000,6.06000000,-0.37400000,6.18300000,0.16800000,-0.12300000,0.20821383
lissajous,FS-EDMD-LQR,419,838,170.49070000,-0.62700000,6.26000000,-0.44300000,6.21300000,-0.63800000,6.26400000,0.19500000,-0.05100000,0.20155892
lissajous,FS-EDMD-LQR,420,840,170.89380000,-0.88900000,6.33700000,-0.71200000,6.26100000,-0.90100000,6.34100000,0.18900000,-0.08000000,0.20523401
lissajous,FS-EDMD-LQR,421,842,171.29910000,-1.15000000,6.41000000,-0.99200000,6.36500000,-1.16200000,6.41300000,0.17000000,-0.04800000,0.17664654
lissajous,FS-EDMD-LQR,422,844,171.70790000,-1.41000000,6.47900000,-1.23900000,6.37000000,-1.42200000,6.48200000,0.18300000,-0.11200000,0.21455302
lissajous,FS-EDMD-LQR,423,846,172.11180000,-1.66800000,6.54300000,-1.49700000,6.46600000,-1.68000000,6.54600000,0.18300000,-0.08000000,0.19972231
lissajous,FS-EDMD-LQR,424,848,172.52150000,-1.92300000,6.60400000,-1.76000000,6.60200000,-1.93600000,6.60700000,0.17600000,-0.00500000,0.17607101
lissajous,FS-EDMD-LQR,425,850,172.93910000,-2.17600000,6.66000000,-2.08100000,6.59300000,-2.18800000,6.66300000,0.10700000,-0.07000000,0.12786321
lissajous,FS-EDMD-LQR,426,852,173.33900000,-2.42500000,6.71200000,-2.22900000,6.67600000,-2.43800000,6.71500000,0.20900000,-0.03900000,0.21260762
lissajous,FS-EDMD-LQR,427,854,173.73920000,-2.67100000,6.76000000,-2.51100000,6.70700000,-2.68400000,6.76200000,0.17300000,-0.05500000,0.18153237
lissajous,FS-EDMD-LQR,428,856,174.14270000,-2.91300000,6.80400000,-2.76200000,6.75600000,-2.92600000,6.80600000,0.16400000,-0.05000000,0.17145262
lissajous,FS-EDMD-LQR,429,858,174.54670000,-3.15100000,6.84300000,-3.02200000,6.79100000,-3.16400000,6.84500000,0.14200000,-0.05400000,0.15192103
lissajous,FS-EDMD-LQR,430,860,174.96640000,-3.38500000,6.87800000,-3.23600000,6.84500000,-3.39800000,6.88000000,0.16200000,-0.03500000,0.16573774
lissajous,FS-EDMD-LQR,431,862,175.37270000,-3.61400000,6.90800000,-3.48900000,6.86600000,-3.62600000,6.91000000,0.13700000,-0.04400000,0.14389232
lissajous,FS-EDMD-LQR,432,864,175.77710000,-3.83700000,6.93500000,-3.70600000,6.90700000,-3.85000000,6.93600000,0.14400000,-0.02900000,0.14689112
lissajous,FS-EDMD-LQR,433,866,176.18410000,-4.05600000,6.95600000,-3.93900000,6.92200000,-4.06800000,6.95800000,0.12900000,-0.03600000,0.13392909
lissajous,FS-EDMD-LQR,434,868,176.58200000,-4.26800000,6.97400000,-4.14700000,6.94600000,-4.28000000,6.97500000,0.13300000,-0.02900000,0.13612494
lissajous,FS-EDMD-LQR,435,870,176.98840000,-4.47400000,6.98700000,-4.38500000,6.95700000,-4.48600000,6.98700000,0.10100000,-0.03000000,0.10536128
lissajous,FS-EDMD-LQR,436,872,177.40520000,-4.67400000,6.99500000,-4.56100000,6.97300000,-4.68600000,6.99600000,0.12500000,-0.02300000,0.12709839
lissajous,FS-EDMD-LQR,437,874,177.80540000,-4.86700000,7.00000000,-4.77000000,6.96700000,-4.87900000,7.00000000,0.10900000,-0.03300000,0.11388591
lissajous,FS-EDMD-LQR,438,876,178.20530000,-5.05400000,6.99900000,-4.94900000,6.97300000,-5.06500000,6.99900000,0.11600000,-0.02600000,0.11887809
lissajous,FS-EDMD-LQR,439,878,178.60970000,-5.23300000,6.99500000,-5.11300000,6.94500000,-5.24400000,6.99400000,0.13100000,-0.04900000,0.13986422
lissajous,FS-EDMD-LQR,440,880,179.02990000,-5.40500000,6.98500000,-5.34800000,6.94800000,-5.41500000,6.98500000,0.06700000,-0.03700000,0.07653757
lissajous,FS-EDMD-LQR,441,882,179.43660000,-5.56900000,6.97200000,-5.47000000,6.97500000,-5.57900000,6.97100000,0.10900000,0.00400000,0.10907337
lissajous,FS-EDMD-LQR,442,884,179.82980000,-5.72500000,6.95400000,-5.63500000,6.95500000,-5.73500000,6.95300000,0.10000000,0.00200000,0.10002000
lissajous,FS-EDMD-LQR,443,886,180.24710000,-5.87200000,6.93200000,-5.81200000,6.92000000,-5.88200000,6.93000000,0.07000000,-0.01000000,0.07071068
lissajous,FS-EDMD-LQR,444,888,180.65150000,-6.01200000,6.90500000,-5.91600000,6.92000000,-6.02100000,6.90300000,0.10500000,0.01700000,0.10636729
lissajous,FS-EDMD-LQR,445,890,181.07070000,-6.14300000,6.87400000,-6.11600000,6.88600000,-6.15200000,6.87100000,0.03600000,0.01500000,0.03900000
lissajous,FS-EDMD-LQR,446,892,181.47130000,-6.26500000,6.83800000,-6.18500000,6.85300000,-6.27400000,6.83600000,0.08900000,0.01700000,0.09060905
lissajous,FS-EDMD-LQR,447,894,181.87150000,-6.37900000,6.79800000,-6.33600000,6.80600000,-6.38600000,6.79500000,0.05000000,0.01100000,0.05119570
lissajous,FS-EDMD-LQR,448,896,182.27520000,-6.48300000,6.75400000,-6.42400000,6.77700000,-6.49000000,6.75100000,0.06600000,0.02600000,0.07093659
lissajous,FS-EDMD-LQR,449,898,182.67510000,-6.57800000,6.70600000,-6.53600000,6.72700000,-6.58500000,6.70200000,0.04900000,0.02500000,0.05500909
lissajous,FS-EDMD-LQR,450,900,183.08480000,-6.66300000,6.65300000,-6.62400000,6.67600000,-6.67000000,6.64900000,0.04600000,0.02700000,0.05333854
lissajous,FS-EDMD-LQR,451,902,183.49050000,-6.74000000,6.59600000,-6.70500000,6.62900000,-6.74500000,6.59200000,0.04000000,0.03700000,0.05448853
lissajous,FS-EDMD-LQR,452,904,183.89550000,-6.80600000,6.53500000,-6.76800000,6.56600000,-6.81100000,6.53100000,0.04300000,0.03500000,0.05544367
lissajous,FS-EDMD-LQR,453,906,184.30160000,-6.86300000,6.47000000,-6.83200000,6.49600000,-6.86700000,6.46500000,0.03500000,0.03100000,0.04675468
lissajous,FS-EDMD-LQR,454,908,184.70930000,-6.91000000,6.40100000,-6.89600000,6.43700000,-6.91300000,6.39500000,0.01700000,0.04200000,0.04531004
lissajous,FS-EDMD-LQR,455,910,185.11590000,-6.94700000,6.32800000,-6.92400000,6.37200000,-6.95000000,6.32200000,0.02600000,0.05000000,0.05635601
lissajous,FS-EDMD-LQR,456,912,185.52110000,-6.97500000,6.25000000,-6.96500000,6.30800000,-6.97700000,6.24400000,0.01200000,0.06400000,0.06511528
lissajous,FS-EDMD-LQR,457,914,185.93780000,-6.99200000,6.16900000,-6.97600000,6.20900000,-6.99300000,6.16200000,0.01700000,0.04700000,0.04998000
lissajous,FS-EDMD-LQR,458,916,186.34130000,-7.00000000,6.08400000,-7.00300000,6.13000000,-7.00000000,6.07700000,-0.00300000,0.05300000,0.05308484
lissajous,FS-EDMD-LQR,459,918,186.73800000,-6.99700000,5.99500000,-7.00200000,6.04800000,-6.99700000,5.98700000,-0.00500000,0.06100000,0.06120457
lissajous,FS-EDMD-LQR,460,920,187.14200000,-6.98500000,5.90200000,-6.99900000,5.94200000,-6.98300000,5.89400000,-0.01600000,0.04800000,0.05059644
lissajous,FS-EDMD-LQR,461,922,187.54810000,-6.96200000,5.80600000,-6.98700000,5.86400000,-6.96000000,5.79700000,-0.02700000,0.06700000,0.07223573
lissajous,FS-EDMD-LQR,462,924,187.95490000,-6.93000000,5.70600000,-6.95100000,5.75700000,-6.92700000,5.69700000,-0.02400000,0.06000000,0.06462198
lissajous,FS-EDMD-LQR,463,926,188.36300000,-6.88800000,5.60200000,-6.90600000,5.65400000,-6.88400000,5.59200000,-0.02200000,0.06200000,0.06578754
lissajous,FS-EDMD-LQR,464,928,188.77060000,-6.83600000,5.49400000,-6.86600000,5.56800000,-6.83100000,5.48500000,-0.03500000,0.08300000,0.09007774
lissajous,FS-EDMD-LQR,465,930,189.17910000,-6.77400000,5.38300000,-6.81200000,5.46800000,-6.76800000,5.37300000,-0.04400000,0.09500000,0.10469479
lissajous,FS-EDMD-LQR,466,932,189.58720000,-6.70300000,5.26900000,-6.74400000,5.32000000,-6.69600000,5.25900000,-0.04800000,0.06100000,0.07762087
lissajous,FS-EDMD-LQR,467,934,190.00540000,-6.62200000,5.15200000,-6.64800000,5.20800000,-6.61400000,5.14100000,-0.03400000,0.06700000,0.07513322
lissajous,FS-EDMD-LQR,468,936,190.40350000,-6.53200000,5.03100000,-6.57600000,5.10700000,-6.52300000,5.01900000,-0.05300000,0.08800000,0.10272780
lissajous,FS-EDMD-LQR,469,938,190.80330000,-6.43200000,4.90700000,-6.47000000,4.94900000,-6.42200000,4.89500000,-0.04800000,0.05400000,0.07224957
lissajous,FS-EDMD-LQR,470,940,191.20790000,-6.32300000,4.78000000,-6.39300000,4.86000000,-6.31200000,4.76700000,-0.08100000,0.09300000,0.12332883
lissajous,FS-EDMD-LQR,471,942,191.61700000,-6.20500000,4.64900000,-6.26700000,4.74200000,-6.19300000,4.63700000,-0.07400000,0.10500000,0.12845622
lissajous,FS-EDMD-LQR,472,944,192.02580000,-6.07900000,4.51600000,-6.14900000,4.56800000,-6.06600000,4.50300000,-0.08300000,0.06500000,0.10542296
lissajous,FS-EDMD-LQR,473,946,192.43020000,-5.94300000,4.38000000,-6.02700000,4.46700000,-5.93000000,4.36700000,-0.09700000,0.10000000,0.13931619
lissajous,FS-EDMD-LQR,474,948,192.83700000,-5.80000000,4.24200000,-5.86200000,4.32500000,-5.78500000,4.22800000,-0.07700000,0.09700000,0.12384668
lissajous,FS-EDMD-LQR,475,950,193.24340000,-5.64800000,4.10000000,-5.73900000,4.16200000,-5.63200000,4.08600000,-0.10700000,0.07600000,0.13124405
lissajous,FS-EDMD-LQR,476,952,193.65390000,-5.48700000,3.95600000,-5.56700000,4.05200000,-5.47100000,3.94200000,-0.09600000,0.11000000,0.14600000
lissajous,FS-EDMD-LQR,477,954,194.07090000,-5.32000000,3.81000000,-5.38200000,3.91000000,-5.30200000,3.79500000,-0.08000000,0.11500000,0.14008926
lissajous,FS-EDMD-LQR,478,956,194.45370000,-5.14400000,3.66100000,-5.28600000,3.72600000,-5.12600000,3.64500000,-0.16000000,0.08100000,0.17933488
lissajous,FS-EDMD-LQR,479,958,194.87020000,-4.96100000,3.51000000,-5.02300000,3.61600000,-4.94200000,3.49400000,-0.08100000,0.12200000,0.14644111
lissajous,FS-EDMD-LQR,480,960,195.26990000,-4.77200000,3.35600000,-4.89800000,3.45400000,-4.75100000,3.34000000,-0.14700000,0.11400000,0.18602419
lissajous,FS-EDMD-LQR,481,962,195.67490000,-4.57500000,3.20000000,-4.66500000,3.27800000,-4.55400000,3.18400000,-0.11100000,0.09400000,0.14545446
lissajous,FS-EDMD-LQR,482,964,196.09150000,-4.37200000,3.04300000,-4.44700000,3.13200000,-4.35000000,3.02600000,-0.09700000,0.10600000,0.14368368
lissajous,FS-EDMD-LQR,483,966,196.48710000,-4.16200000,2.88300000,-4.28400000,3.00300000,-4.13900000,2.86600000,-0.14500000,0.13700000,0.19948434
lissajous,FS-EDMD-LQR,484,968,196.89250000,-3.94700000,2.72200000,-4.05300000,2.84500000,-3.92300000,2.70400000,-0.13000000,0.14100000,0.19178373
lissajous,FS-EDMD-LQR,485,970,197.29960000,-3.72600000,2.55900000,-3.88200000,2.64400000,-3.70200000,2.54100000,-0.18000000,0.10300000,0.20738611
lissajous,FS-EDMD-LQR,486,972,197.70500000,-3.50000000,2.39400000,-3.63500000,2.51400000,-3.47500000,2.37600000,-0.16000000,0.13800000,0.21129127
lissajous,FS-EDMD-LQR,487,974,198.11020000,-3.26900000,2.22800000,-3.41200000,2.36400000,-3.24300000,2.20900000,-0.16900000,0.15500000,0.22931638
lissajous,FS-EDMD-LQR,488,976,198.52040000,-3.03300000,2.06000000,-3.17400000,2.15200000,-3.00600000,2.04100000,-0.16800000,0.11100000,0.20135789
lissajous,FS-EDMD-LQR,489,978,198.93710000,-2.79300000,1.89100000,-2.91900000,1.96700000,-2.76500000,1.87200000,-0.15400000,0.09500000,0.18094474
lissajous,FS-EDMD-LQR,490,980,199.33710000,-2.54900000,1.72100000,-2.72600000,1.86800000,-2.52000000,1.70200000,-0.20600000,0.16600000,0.26456001
lissajous,FS-EDMD-LQR,491,982,199.74100000,-2.30100000,1.55000000,-2.46200000,1.63500000,-2.27200000,1.53000000,-0.19000000,0.10500000,0.21708293
lissajous,FS-EDMD-LQR,492,984,200.14130000,-2.05000000,1.37800000,-2.21300000,1.49800000,-2.02000000,1.35800000,-0.19300000,0.14000000,0.23843028
lissajous,FS-EDMD-LQR,493,986,200.55390000,-1.79600000,1.20500000,-1.95400000,1.33600000,-1.76600000,1.18400000,-0.18800000,0.15200000,0.24176021
lissajous,FS-EDMD-LQR,494,988,200.96400000,-1.53900000,1.03100000,-1.69100000,1.15800000,-1.50900000,1.01000000,-0.18200000,0.14800000,0.23458048
lissajous,FS-EDMD-LQR,495,990,201.37040000,-1.28100000,0.85600000,-1.44000000,0.95600000,-1.24900000,0.83500000,-0.19100000,0.12100000,0.22610175
lissajous,FS-EDMD-LQR,496,992,201.77680000,-1.02000000,0.68100000,-1.16200000,0.77800000,-0.98800000,0.66000000,-0.17400000,0.11800000,0.21023796
lissajous,FS-EDMD-LQR,497,994,202.18240000,-0.75800000,0.50600000,-0.91200000,0.60000000,-0.72600000,0.48400000,-0.18600000,0.11600000,0.21920766
lissajous,FS-EDMD-LQR,498,996,202.60350000,-0.49500000,0.33000000,-0.56900000,0.41700000,-0.46200000,0.30800000,-0.10700000,0.10900000,0.15274161
lissajous,FS-EDMD-LQR,499,998,203.00310000,-0.23100000,0.15400000,-0.40100000,0.23400000,-0.19800000,0.13200000,-0.20300000,0.10200000,0.22718495
lissajous,PID,0,0,0.20310000,0.06600000,-0.04400000,-0.00100000,0.13100000,0.06600000,-0.04400000,-0.06700000,0.17500000,0.18738730
lissajous,PID,1,1,0.40700000,0.33000000,-0.22000000,-0.00200000,0.11600000,0.33000000,-0.22000000,-0.33200000,0.33600000,0.47235580
lissajous,PID,2,2,0.60900000,0.59400000,-0.39600000,0.04000000,0.05400000,0.59400000,-0.39600000,-0.55400000,0.45000000,0.71373384
lissajous,PID,3,3,0.81120000,0.85700000,-0.57200000,0.10600000,-0.01000000,0.85700000,-0.57200000,-0.75100000,0.56200000,0.93800053
lissajous,PID,4,4,1.01570000,1.11900000,-0.74800000,0.24500000,-0.11200000,1.11900000,-0.74800000,-0.87400000,0.63600000,1.08091258
lissajous,PID,5,5,1.21820000,1.37900000,-0.92300000,0.36900000,-0.21700000,1.37900000,-0.92300000,-1.01000000,0.70600000,1.23228893
lissajous,PID,6,6,1.42130000,1.63700000,-1.09700000,0.50800000,-0.35200000,1.63700000,-1.09700000,-1.12900000,0.74500000,1.35265147
lissajous,PID,7,7,1.62450000,1.89300000,-1.27100000,0.67800000,-0.49300000,1.89300000,-1.27100000,-1.21500000,0.77800000,1.44274357
lissajous,PID,8,8,1.82700000,2.14600000,-1.44400000,0.85800000,-0.61100000,2.14600000,-1.44400000,-1.28800000,0.83300000,1.53389472
lissajous,PID,9,9,2.03290000,2.39600000,-1.61600000,1.03600000,-0.73000000,2.39600000,-1.61600000,-1.36000000,0.88600000,1.62314386
lissajous,PID,10,10,2.23510000,2.64300000,-1.78700000,1.22800000,-0.87900000,2.64300000,-1.78700000,-1.41500000,0.90800000,1.68127600
lissajous,PID,11,11,2.43940000,2.88600000,-1.95700000,1.42500000,-1.03300000,2.88600000,-1.95700000,-1.46100000,0.92400000,1.72866914
lissajous,PID,12,12,2.65230000,3.12500000,-2.12500000,1.69600000,-1.22400000,3.12500000,-2.12500000,-1.42900000,0.90100000,1.68933182
lissajous,PID,13,13,2.85130000,3.35900000,-2.29300000,1.90700000,-1.38000000,3.35900000,-2.29300000,-1.45200000,0.91300000,1.71518891
lissajous,PID,14,14,3.05150000,3.58900000,-2.45800000,2.10800000,-1.54200000,3.58900000,-2.45800000,-1.48100000,0.91600000,1.74138365
lissajous,PID,15,15,3.25210000,3.81300000,-2.62300000,2.32400000,-1.69400000,3.81300000,-2.62300000,-1.48900000,0.92900000,1.75503903
lissajous,PID,16,16,3.45400000,4.03200000,-2.78500000,2.46400000,-1.79500000,4.03200000,-2.78500000,-1.56800000,0.99000000,1.85437968
lissajous,PID,17,17,3.65550000,4.24500000,-2.94600000,2.76700000,-2.03800000,4.24500000,-2.94600000,-1.47800000,0.90800000,1.73463195
lissajous,PID,18,18,3.86080000,4.45200000,-3.10500000,2.99800000,-2.18400000,4.45200000,-3.10500000,-1.45400000,0.92100000,1.72114991
lissajous,PID,19,19,4.06600000,4.65300000,-3.26200000,3.22700000,-2.34700000,4.65300000,-3.26200000,-1.42600000,0.91500000,1.69431432
lissajous,PID,20,20,4.27000000,4.84700000,-3.41700000,3.45300000,-2.51800000,4.84700000,-3.41700000,-1.39400000,0.89900000,1.65874561
lissajous,PID,21,21,4.47330000,5.03500000,-3.57000000,3.69800000,-2.66600000,5.03500000,-3.57000000,-1.33700000,0.90400000,1.61393463
lissajous,PID,22,22,4.67700000,5.21500000,-3.72000000,3.93300000,-2.84700000,5.21500000,-3.72000000,-1.28200000,0.87300000,1.55101676
lissajous,PID,23,23,4.88060000,5.38700000,-3.86800000,4.15900000,-3.00600000,5.38700000,-3.86800000,-1.22800000,0.86200000,1.50034263
lissajous,PID,24,24,5.08630000,5.55200000,-4.01400000,4.39800000,-3.15500000,5.55200000,-4.01400000,-1.15400000,0.85900000,1.43860940
lissajous,PID,25,25,5.28740000,5.70900000,-4.15700000,4.61400000,-3.31600000,5.70900000,-4.15700000,-1.09500000,0.84100000,1.38069041
lissajous,PID,26,26,5.48990000,5.85800000,-4.29800000,4.82000000,-3.43900000,5.85800000,-4.29800000,-1.03800000,0.85900000,1.34733997
lissajous,PID,27,27,5.69260000,5.99900000,-4.43500000,5.03000000,-3.59600000,5.99900000,-4.43500000,-0.96900000,0.83900000,1.28174959
lissajous,PID,28,28,5.89730000,6.13100000,-4.57000000,5.25400000,-3.74700000,6.13100000,-4.57000000,-0.87700000,0.82300000,1.20268782
lissajous,PID,29,29,6.09970000,6.25400000,-4.70200000,5.44800000,-3.90600000,6.25400000,-4.70200000,-0.80600000,0.79600000,1.13280713
lissajous,PID,30,30,6.30490000,6.36800000,-4.83200000,5.63300000,-4.05700000,6.36800000,-4.83200000,-0.73500000,0.77500000,1.06810580
lissajous,PID,31,31,6.51750000,6.47300000,-4.95800000,5.89600000,-4.26500000,6.47300000,-4.95800000,-0.57700000,0.69300000,0.90176383
lissajous,PID,32,32,6.71850000,6.56900000,-5.08000000,6.06100000,-4.40100000,6.56900000,-5.08000000,-0.50800000,0.67900000,0.84800059
lissajous,PID,33,33,6.91940000,6.65600000,-5.20000000,6.21800000,-4.56000000,6.65600000,-5.20000000,-0.43800000,0.64000000,0.77552821
lissajous,PID,34,34,7.11750000,6.73300000,-5.31600000,6.38500000,-4.71400000,6.73300000,-5.31600000,-0.34800000,0.60200000,0.69534740
lissajous,PID,35,35,7.32130000,6.80100000,-5.42900000,6.51800000,-4.84200000,6.80100000,-5.42900000,-0.28300000,0.58700000,0.65165789
lissajous,PID,36,36,7.52140000,6.85800000,-5.53900000,6.65400000,-4.97600000,6.85800000,-5.53900000,-0.20400000,0.56300000,0.59881967
lissajous,PID,37,37,7.72120000,6.90600000,-5.64500000,6.75300000,-5.10300000,6.90600000,-5.64500000,-0.15300000,0.54200000,0.56318114
lissajous,PID,38,38,7.92940000,6.94500000,-5.74700000,6.81800000,-5.21900000,6.94500000,-5.74700000,-0.12700000,0.52800000,0.54305893
lissajous,PID,39,39,8.13180000,6.97300000,-5.84600000,6.94900000,-5.35600000,6.97300000,-5.84600000,-0.02400000,0.49000000,0.49058740
lissajous,PID,40,40,8.33330000,6.99100000,-5.94100000,7.01100000,-5.47800000,6.99100000,-5.94100000,0.02000000,0.46300000,0.46343176
lissajous,PID,41,41,8.53780000,6.99900000,-6.03300000,7.09600000,-5.62500000,6.99900000,-6.03300000,0.09700000,0.40800000,0.41937215
lissajous,PID,42,42,8.74210000,6.99800000,-6.12000000,7.14000000,-5.73700000,6.99800000,-6.12000000,0.14200000,0.38300000,0.40847644
lissajous,PID,43,43,8.94610000,6.98600000,-6.20400000,7.18300000,-5.84900000,6.98600000,-6.20400000,0.19700000,0.35500000,0.40599754
lissajous,PID,44,44,9.14830000,6.96500000,-6.28300000,7.21700000,-5.99200000,6.96500000,-6.28300000,0.25200000,0.29100000,0.38494805
lissajous,PID,45,45,9.35300000,6.93300000,-6.35900000,7.23200000,-6.12500000,6.93300000,-6.35900000,0.29900000,0.23400000,0.37968013
lissajous,PID,46,46,9.55590000,6.89200000,-6.43100000,7.24800000,-6.24100000,6.89200000,-6.43100000,0.35600000,0.19000000,0.40352943
lissajous,PID,47,47,9.75930000,6.84000000,-6.49800000,7.25200000,-6.31700000,6.84000000,-6.49800000,0.41200000,0.18100000,0.45000556
lissajous,PID,48,48,9.96120000,6.77900000,-6.56200000,7.25400000,-6.43500000,6.77900000,-6.56200000,0.47500000,0.12700000,0.49168486
lissajous,PID,49,49,10.16520000,6.70800000,-6.62100000,7.25300000,-6.54600000,6.70800000,-6.62100000,0.54500000,0.07500000,0.55013635
lissajous,PID,50,50,10.37160000,6.62800000,-6.67600000,7.20500000,-6.61300000,6.62800000,-6.67600000,0.57700000,0.06300000,0.58042915
lissajous,PID,51,51,10.56090000,6.53800000,-6.72700000,7.16600000,-6.66000000,6.53800000,-6.72700000,0.62800000,0.06700000,0.63156393
lissajous,PID,52,52,10.76620000,6.43900000,-6.77400000,7.11800000,-6.72400000,6.43900000,-6.77400000,0.67900000,0.05000000,0.68083845
lissajous,PID,53,53,10.98470000,6.33100000,-6.81600000,7.03600000,-6.81700000,6.33100000,-6.81600000,0.70500000,-0.00100000,0.70500071
lissajous,PID,54,54,11.18410000,6.21400000,-6.85400000,6.98400000,-6.88000000,6.21400000,-6.85400000,0.77000000,-0.02600000,0.77043884
lissajous,PID,55,55,11.38390000,6.08800000,-6.88800000,6.91200000,-6.94700000,6.08800000,-6.88800000,0.82400000,-0.05900000,0.82610956
lissajous,PID,56,56,11.58500000,5.95300000,-6.91700000,6.77900000,-6.99900000,5.95300000,-6.91700000,0.82600000,-0.08200000,0.83006024
lissajous,PID,57,57,11.78750000,5.81000000,-6.94200000,6.71300000,-7.06000000,5.81000000,-6.94200000,0.90300000,-0.11800000,0.91067722
lissajous,PID,58,58,11.98810000,5.65800000,-6.96200000,6.60100000,-7.09900000,5.65800000,-6.96200000,0.94300000,-0.13700000,0.95289978
lissajous,PID,59,59,12.18740000,5.49800000,-6.97800000,6.47300000,-7.13400000,5.49800000,-6.97800000,0.97500000,-0.15600000,0.98740113
lissajous,PID,60,60,12.39680000,5.33100000,-6.99000000,6.33900000,-7.17200000,5.33100000,-6.99000000,1.00800000,-0.18200000,1.02429878
lissajous,PID,61,61,12.60130000,5.15600000,-6.99700000,6.19600000,-7.19600000,5.15600000,-6.99700000,1.04000000,-0.19900000,1.05886779
lissajous,PID,62,62,12.80540000,4.97300000,-7.00000000,6.07200000,-7.21800000,4.97300000,-7.00000000,1.09900000,-0.21800000,1.12041287
lissajous,PID,63,63,13.00970000,4.78300000,-6.99800000,5.92300000,-7.22900000,4.78300000,-6.99800000,1.14000000,-0.23100000,1.16316852
lissajous,PID,64,64,13.21390000,4.58700000,-6.99200000,5.77300000,-7.24100000,4.58700000,-6.99200000,1.18600000,-0.24900000,1.21185684
lissajous,PID,65,65,13.41700000,4.38400000,-6.98200000,5.62900000,-7.25400000,4.38400000,-6.98200000,1.24500000,-0.27200000,1.27436612
lissajous,PID,66,66,13.62210000,4.17500000,-6.96700000,5.46300000,-7.25500000,4.17500000,-6.96700000,1.28800000,-0.28800000,1.31980605
lissajous,PID,67,67,13.81120000,3.96000000,-6.94700000,5.28700000,-7.25900000,3.96000000,-6.94700000,1.32700000,-0.31200000,1.36318487
lissajous,PID,68,68,14.01510000,3.73900000,-6.92400000,5.11400000,-7.26900000,3.73900000,-6.92400000,1.37500000,-0.34500000,1.41762125
lissajous,PID,69,69,14.21940000,3.51300000,-6.89500000,4.93900000,-7.27000000,3.51300000,-6.89500000,1.42600000,-0.37500000,1.47448330
lissajous,PID,70,70,14.42290000,3.28200000,-6.86300000,4.73700000,-7.25900000,3.28200000,-6.86300000,1.45500000,-0.39600000,1.50792606
lissajous,PID,71,71,14.62760000,3.04600000,-6.82600000,4.53900000,-7.24800000,3.04600000,-6.82600000,1.49300000,-0.42200000,1.55149380
lissajous,PID,72,72,14.83160000,2.80500000,-6.78500000,4.32400000,-7.23100000,2.80500000,-6.78500000,1.51900000,-0.44600000,1.58312255
lissajous,PID,73,73,15.03380000,2.56100000,-6.73900000,4.15000000,-7.22600000,2.56100000,-6.73900000,1.58900000,-0.48700000,1.66195367
lissajous,PID,74,74,15.23790000,2.31300000,-6.68900000,3.93000000,-7.18500000,2.31300000,-6.68900000,1.61700000,-0.49600000,1.69136188
lissajous,PID,75,75,15.45070000,2.06200000,-6.63500000,3.62700000,-7.13100000,2.06200000,-6.63500000,1.56500000,-0.49600000,1.64171892
lissajous,PID,76,76,15.65040000,1.80800000,-6.57700000,3.43700000,-7.10100000,1.80800000,-6.57700000,1.62900000,-0.52400000,1.71120338
lissajous,PID,77,77,15.85120000,1.55200000,-6.51500000,3.18700000,-7.05400000,1.55200000,-6.51500000,1.63500000,-0.53900000,1.72155337
lissajous,PID,78,78,16.05010000,1.29300000,-6.44800000,2.97600000,-6.99800000,1.29300000,-6.44800000,1.68300000,-0.55000000,1.77059001
lissajous,PID,79,79,16.25360000,1.03200000,-6.37700000,2.75100000,-6.92300000,1.03200000,-6.37700000,1.71900000,-0.54600000,1.80362884
lissajous,PID,80,80,16.45370000,0.77000000,-6.30300000,2.53800000,-6.88700000,0.77000000,-6.30300000,1.76800000,-0.58400000,1.86195596
lissajous,PID,81,81,16.65640000,0.50600000,-6.22400000,2.30200000,-6.81500000,0.50600000,-6.22400000,1.79600000,-0.59100000,1.89073980
lissajous,PID,82,82,16.85970000,0.24200000,-6.14100000,2.06500000,-6.76900000,0.24200000,-6.14100000,1.82300000,-0.62800000,1.92813718
lissajous,PID,83,83,17.06310000,-0.02200000,-6.05500000,1.83800000,-6.70300000,-0.02200000,-6.05500000,1.86000000,-0.64800000,1.96964565
lissajous,PID,84,84,17.26570000,-0.28600000,-5.96400000,1.59800000,-6.60200000,-0.28600000,-5.96400000,1.88400000,-0.63800000,1.98909527
lissajous,PID,85,85,17.46920000,-0.55000000,-5.87000000,1.36400000,-6.54400000,-0.55000000,-5.87000000,1.91400000,-0.67400000,2.02920477
lissajous,PID,86,86,17.67230000,-0.81300000,-5.77200000,1.10900000,-6.41000000,-0.81300000,-5.77200000,1.92200000,-0.63800000,2.02512419
lissajous,PID,87,87,17.87730000,-1.07500000,-5.67100000,0.87800000,-6.35200000,-1.07500000,-5.67100000,1.95300000,-0.68100000,2.06832541
lissajous,PID,88,88,18.07970000,-1.33600000,-5.56600000,0.62800000,-6.23700000,-1.33600000,-5.56600000,1.96400000,-0.67100000,2.07546067
lissajous,PID,89,89,18.28390000,-1.59400000,-5.45700000,0.40000000,-6.17700000,-1.59400000,-5.45700000,1.99400000,-0.72000000,2.12000849
lissajous,PID,90,90,18.48620000,-1.85100000,-5.34500000,0.18600000,-6.09100000,-1.85100000,-5.34500000,2.03700000,-0.74600000,2.16930519
lissajous,PID,91,91,18.68910000,-2.10400000,-5.22900000,-0.05100000,-5.99500000,-2.10400000,-5.22900000,2.05300000,-0.76600000,2.19124736
lissajous,PID,92,92,18.89150000,-2.35500000,-5.11100000,-0.28200000,-5.93100000,-2.35500000,-5.11100000,2.07300000,-0.82000000,2.22928890
lissajous,PID,93,93,19.09410000,-2.60200000,-4.98900000,-0.54900000,-5.81300000,-2.60200000,-4.98900000,2.05300000,-0.82400000,2.21219009
lissajous,PID,94,94,19.29820000,-2.84600000,-4.86300000,-0.78000000,-5.69100000,-2.84600000,-4.86300000,2.06600000,-0.82800000,2.22574482
lissajous,PID,95,95,19.50010000,-3.08500000,-4.73500000,-1.02700000,-5.56300000,-3.08500000,-4.73500000,2.05800000,-0.82800000,2.21832099
lissajous,PID,96,96,19.70180000,-3.32000000,-4.60400000,-1.26200000,-5.43900000,-3.32000000,-4.60400000,2.05800000,-0.83500000,2.22094327
lissajous,PID,97,97,19.91690000,-3.55100000,-4.46900000,-1.60400000,-5.27700000,-3.55100000,-4.46900000,1.94700000,-0.80800000,2.10800213
lissajous,PID,98,98,20.12030000,-3.77600000,-4.33200000,-1.83400000,-5.15400000,-3.77600000,-4.33200000,1.94200000,-0.82200000,2.10880250
lissajous,PID,99,99,20.32070000,-3.99600000,-4.19300000,-2.09000000,-5.03100000,-3.99600000,-4.19300000,1.90600000,-0.83800000,2.08208549
lissajous,PID,100,100,20.51730000,-4.21000000,-4.05000000,-2.32200000,-4.92200000,-4.21000000,-4.05000000,1.88800000,-0.87200000,2.07964612
lissajous,PID,101,101,20.72010000,-4.41800000,-3.90500000,-2.50000000,-4.86500000,-4.41800000,-3.90500000,1.91800000,-0.96000000,2.14483659
lissajous,PID,102,102,20.92150000,-4.62000000,-3.75700000,-2.74100000,-4.73600000,-4.62000000,-3.75700000,1.87900000,-0.97900000,2.11874538
lissajous,PID,103,103,21.12640000,-4.81600000,-3.60800000,-2.98500000,-4.61700000,-4.81600000,-3.60800000,1.83100000,-1.00900000,2.09060805
lissajous,PID,104,104,21.33240000,-5.00400000,-3.45500000,-3.21300000,-4.48400000,-5.00400000,-3.45500000,1.79100000,-1.02900000,2.06555610
lissajous,PID,105,105,21.53800000,-5.18500000,-3.30100000,-3.46700000,-4.34100000,-5.18500000,-3.30100000,1.71800000,-1.04000000,2.00826393
lissajous,PID,106,106,21.74190000,-5.35900000,-3.14500000,-3.68500000,-4.21500000,-5.35900000,-3.14500000,1.67400000,-1.07000000,1.98675011
lissajous,PID,107,107,21.94490000,-5.52500000,-2.98600000,-3.93100000,-4.08000000,-5.52500000,-2.98600000,1.59400000,-1.09400000,1.93330598
lissajous,PID,108,108,22.14910000,-5.68400000,-2.82600000,-4.16400000,-3.90800000,-5.68400000,-2.82600000,1.52000000,-1.08200000,1.86577705
lissajous,PID,109,109,22.35260000,-5.83400000,-2.66400000,-4.40900000,-3.76100000,-5.83400000,-2.66400000,1.42500000,-1.09700000,1.79834201
lissajous,PID,110,110,22.55530000,-5.97600000,-2.50000000,-4.64500000,-3.62300000,-5.97600000,-2.50000000,1.33100000,-1.12300000,1.74146203
lissajous,PID,111,111,22.75990000,-6.10900000,-2.33400000,-4.87600000,-3.48500000,-6.10900000,-2.33400000,1.23300000,-1.15100000,1.68673946
lissajous,PID,112,112,22.96490000,-6.23400000,-2.16700000,-5.09700000,-3.34500000,-6.23400000,-2.16700000,1.13700000,-1.17800000,1.63720891
lissajous,PID,113,113,23.15530000,-6.35000000,-1.99900000,-5.32000000,-3.20400000,-6.35000000,-1.99900000,1.03000000,-1.20500000,1.58522080
lissajous,PID,114,114,23.36020000,-6.45700000,-1.82900000,-5.54100000,-3.04000000,-6.45700000,-1.82900000,0.91600000,-1.21100000,1.51841266
lissajous,PID,115,115,23.56230000,-6.55400000,-1.65900000,-5.73900000,-2.89300000,-6.55400000,-1.65900000,0.81500000,-1.23400000,1.47884448
lissajous,PID,116,116,23.76530000,-6.64200000,-1.48700000,-5.93800000,-2.72000000,-6.64200000,-1.48700000,0.70400000,-1.23300000,1.41982569
lissajous,PID,117,117,23.97040000,-6.72100000,-1.31400000,-6.11700000,-2.54900000,-6.72100000,-1.31400000,0.60400000,-1.23500000,1.37478762
lissajous,PID,118,118,24.18380000,-6.79000000,-1.14100000,-6.37200000,-2.33200000,-6.79000000,-1.14100000,0.41800000,-1.19100000,1.26222225
lissajous,PID,119,119,24.38240000,-6.84900000,-0.96600000,-6.52200000,-2.16300000,-6.84900000,-0.96600000,0.32700000,-1.19700000,1.24086180
lissajous,PID,120,120,24.58330000,-6.89900000,-0.79200000,-6.67700000,-2.00000000,-6.89900000,-0.79200000,0.22200000,-1.20800000,1.22822962
lissajous,PID,121,121,24.78350000,-6.93900000,-0.61600000,-6.83100000,-1.82500000,-6.93900000,-0.61600000,0.10800000,-1.20900000,1.21381424
lissajous,PID,122,122,24.98660000,-6.96900000,-0.44000000,-6.96000000,-1.65400000,-6.96900000,-0.44000000,0.00900000,-1.21400000,1.21403336
lissajous,PID,123,123,25.18770000,-6.98900000,-0.26400000,-7.07700000,-1.48900000,-6.98900000,-0.26400000,-0.08800000,-1.22500000,1.22815675
lissajous,PID,124,124,25.39080000,-6.99900000,-0.08800000,-7.19100000,-1.31700000,-6.99900000,-0.08800000,-0.19200000,-1.22900000,1.24390715
lissajous,PID,125,125,25.59500000,-6.99900000,0.08800000,-7.27800000,-1.14000000,-6.99900000,0.08800000,-0.27900000,-1.22800000,1.25929544
lissajous,PID,126,126,25.79890000,-6.98900000,0.26400000,-7.37600000,-0.95200000,-6.98900000,0.26400000,-0.38700000,-1.21600000,1.27609757
lissajous,PID,127,127,26.00110000,-6.96900000,0.44000000,-7.44100000,-0.78200000,-6.96900000,0.44000000,-0.47200000,-1.22200000,1.30998779
lissajous,PID,128,128,26.20480000,-6.93900000,0.61600000,-7.48200000,-0.60100000,-6.93900000,0.61600000,-0.54300000,-1.21700000,1.33264324
lissajous,PID,129,129,26.40620000,-6.89900000,0.79200000,-7.49500000,-0.41000000,-6.89900000,0.79200000,-0.59600000,-1.20200000,1.34164824
lissajous,PID,130,130,26.61010000,-6.84900000,0.96600000,-7.50900000,-0.22400000,-6.84900000,0.96600000,-0.66000000,-1.19000000,1.36077184
lissajous,PID,131,131,26.81210000,-6.79000000,1.14100000,-7.51400000,-0.04400000,-6.79000000,1.14100000,-0.72400000,-1.18500000,1.38866879
lissajous,PID,132,132,27.01630000,-6.72100000,1.31400000,-7.51400000,0.15600000,-6.72100000,1.31400000,-0.79300000,-1.15800000,1.40350027
lissajous,PID,133,133,27.21830000,-6.64200000,1.48700000,-7.48700000,0.35400000,-6.64200000,1.48700000,-0.84500000,-1.13300000,1.41340511
lissajous,PID,134,134,27.42310000,-6.55400000,1.65900000,-7.46700000,0.53700000,-6.55400000,1.65900000,-0.91300000,-1.12200000,1.44653137
lissajous,PID,135,135,27.62680000,-6.45700000,1.82900000,-7.41500000,0.75400000,-6.45700000,1.82900000,-0.95800000,-1.07500000,1.43992673
lissajous,PID,136,136,27.82980000,-6.35000000,1.99900000,-7.38000000,0.94800000,-6.35000000,1.99900000,-1.03000000,-1.05100000,1.47156413
lissajous,PID,137,137,28.03500000,-6.23400000,2.16700000,-7.32100000,1.14500000,-6.23400000,2.16700000,-1.08700000,-1.02200000,1.49199631
lissajous,PID,138,138,28.24960000,-6.10900000,2.33400000,-7.19500000,1.41000000,-6.10900000,2.33400000,-1.08600000,-0.92400000,1.42589340
lissajous,PID,139,139,28.44970000,-5.97600000,2.50000000,-7.14000000,1.59800000,-5.97600000,2.50000000,-1.16400000,-0.90200000,1.47258277
lissajous,PID,140,140,28.64980000,-5.83400000,2.66400000,-7.04400000,1.77500000,-5.83400000,2.66400000,-1.21000000,-0.88900000,1.50147294
lissajous,PID,141,141,28.85040000,-5.68400000,2.82600000,-6.92500000,1.95600000,-5.68400000,2.82600000,-1.24100000,-0.87000000,1.51557943
lissajous,PID,142,142,29.05280000,-5.52500000,2.98600000,-6.79700000,2.15000000,-5.52500000,2.98600000,-1.27200000,-0.83600000,1.52213009
lissajous,PID,143,143,29.25400000,-5.35900000,3.14500000,-6.68800000,2.33300000,-5.35900000,3.14500000,-1.32900000,-0.81200000,1.55742897
lissajous,PID,144,144,29.45400000,-5.18500000,3.30100000,-6.57200000,2.51500000,-5.18500000,3.30100000,-1.38700000,-0.78600000,1.59422865
lissajous,PID,145,145,29.66310000,-5.00400000,3.45500000,-6.43400000,2.69500000,-5.00400000,3.45500000,-1.43000000,-0.76000000,1.61941347
lissajous,PID,146,146,29.86700000,-4.81600000,3.60800000,-6.29400000,2.88000000,-4.81600000,3.60800000,-1.47800000,-0.72800000,1.64756426
lissajous,PID,147,147,30.06990000,-4.62000000,3.75700000,-6.17000000,3.05400000,-4.62000000,3.75700000,-1.55000000,-0.70300000,1.70197209
lissajous,PID,148,148,30.27580000,-4.41800000,3.90500000,-6.01100000,3.23700000,-4.41800000,3.90500000,-1.59300000,-0.66800000,1.72738907
lissajous,PID,149,149,30.47920000,-4.21000000,4.05000000,-5.86400000,3.42900000,-4.21000000,4.05000000,-1.65400000,-0.62100000,1.76673626
lissajous,PID,150,150,30.68310000,-3.99600000,4.19300000,-5.72000000,3.59600000,-3.99600000,4.19300000,-1.72400000,-0.59700000,1.82444101
lissajous,PID,151,151,30.88720000,-3.77600000,4.33200000,-5.55200000,3.76600000,-3.77600000,4.33200000,-1.77600000,-0.56600000,1.86400966
lissajous,PID,152,152,31.09050000,-3.55100000,4.46900000,-5.38600000,3.92800000,-3.55100000,4.46900000,-1.83500000,-0.54100000,1.91308808
lissajous,PID,153,153,31.29460000,-3.32000000,4.60400000,-5.21500000,4.09300000,-3.32000000,4.60400000,-1.89500000,-0.51100000,1.96268846
lissajous,PID,154,154,31.49810000,-3.08500000,4.73500000,-5.01800000,4.27000000,-3.08500000,4.73500000,-1.93300000,-0.46500000,1.98814335
lissajous,PID,155,155,31.70140000,-2.84600000,4.86300000,-4.85500000,4.42700000,-2.84600000,4.86300000,-2.00900000,-0.43600000,2.05576677
lissajous,PID,156,156,31.88920000,-2.60200000,4.98900000,-4.64700000,4.57900000,-2.60200000,4.98900000,-2.04500000,-0.41000000,2.08569533
lissajous,PID,157,157,32.09410000,-2.35500000,5.11100000,-4.45300000,4.75100000,-2.35500000,5.11100000,-2.09800000,-0.36000000,2.12866249
lissajous,PID,158,158,32.30100000,-2.10400000,5.22900000,-4.25800000,4.89400000,-2.10400000,5.22900000,-2.15400000,-0.33500000,2.17989472
lissajous,PID,159,159,32.50330000,-1.85100000,5.34500000,-4.04200000,5.01900000,-1.85100000,5.34500000,-2.19100000,-0.32600000,2.21512009
lissajous,PID,160,160,32.71610000,-1.59400000,5.45700000,-3.76400000,5.21400000,-1.59400000,5.45700000,-2.17000000,-0.24300000,2.18356337
lissajous,PID,161,161,32.91630000,-1.33600000,5.56600000,-3.56700000,5.35500000,-1.33600000,5.56600000,-2.23100000,-0.21100000,2.24095560
lissajous,PID,162,162,33.11640000,-1.07500000,5.67100000,-3.35300000,5.49500000,-1.07500000,5.67100000,-2.27800000,-0.17600000,2.28478883
lissajous,PID,163,163,33.32010000,-0.81300000,5.77200000,-3.13200000,5.62000000,-0.81300000,5.77200000,-2.31900000,-0.15200000,2.32397612
lissajous,PID,164,164,33.51940000,-0.55000000,5.87000000,-2.90900000,5.70700000,-0.55000000,5.87000000,-2.35900000,-0.16300000,2.36462471
lissajous,PID,165,165,33.71950000,-0.28600000,5.96400000,-2.69500000,5.84500000,-0.28600000,5.96400000,-2.40900000,-0.11900000,2.41193740
lissajous,PID,166,166,33.92860000,-0.02200000,6.05500000,-2.46800000,5.97600000,-0.02200000,6.05500000,-2.44600000,-0.07900000,2.44727542
lissajous,PID,167,167,34.12800000,0.24200000,6.14100000,-2.24700000,6.07000000,0.24200000,6.14100000,-2.48900000,-0.07100000,2.49001245
lissajous,PID,168,168,34.33230000,0.50600000,6.22400000,-2.03600000,6.20000000,0.50600000,6.22400000,-2.54200000,-0.02400000,2.54211329
lissajous,PID,169,169,34.53520000,0.77000000,6.30300000,-1.81400000,6.32000000,0.77000000,6.30300000,-2.58400000,0.01700000,2.58405592
lissajous,PID,170,170,34.73810000,1.03200000,6.37700000,-1.61900000,6.41600000,1.03200000,6.37700000,-2.65100000,0.03900000,2.65128686
lissajous,PID,171,171,34.93920000,1.29300000,6.44800000,-1.37300000,6.50300000,1.29300000,6.44800000,-2.66600000,0.05500000,2.66656727
lissajous,PID,172,172,35.14240000,1.55200000,6.51500000,-1.13500000,6.56700000,1.55200000,6.51500000,-2.68700000,0.05200000,2.68750312
lissajous,PID,173,173,35.34600000,1.80800000,6.57700000,-0.91600000,6.68300000,1.80800000,6.57700000,-2.72400000,0.10600000,2.72606163
lissajous,PID,174,174,35.54820000,2.06200000,6.63500000,-0.66900000,6.75800000,2.06200000,6.63500000,-2.73100000,0.12300000,2.73376846
lissajous,PID,175,175,35.75110000,2.31300000,6.68900000,-0.41500000,6.84400000,2.31300000,6.68900000,-2.72800000,0.15500000,2.73239986
lissajous,PID,176,176,35.95400000,2.56100000,6.73900000,-0.16400000,6.93400000,2.56100000,6.73900000,-2.72500000,0.19500000,2.73196816
lissajous,PID,177,177,36.15810000,2.80500000,6.78500000,0.08700000,7.00900000,2.80500000,6.78500000,-2.71800000,0.22400000,2.72721470
lissajous,PID,178,178,36.36290000,3.04600000,6.82600000,0.33100000,7.05900000,3.04600000,6.82600000,-2.71500000,0.23300000,2.72497963
lissajous,PID,179,179,36.56410000,3.28200000,6.86300000,0.58800000,7.12500000,3.28200000,6.86300000,-2.69400000,0.26200000,2.70671018
lissajous,PID,180,180,36.76580000,3.51300000,6.89500000,0.85000000,7.17200000,3.51300000,6.89500000,-2.66300000,0.27700000,2.67736774
lissajous,PID,181,181,36.96990000,3.73900000,6.92400000,1.11300000,7.22100000,3.73900000,6.92400000,-2.62600000,0.29700000,2.64274195
lissajous,PID,182,182,37.18350000,3.96000000,6.94700000,1.46200000,7.27100000,3.96000000,6.94700000,-2.49800000,0.32400000,2.51892437
lissajous,PID,183,183,37.38280000,4.17500000,6.96700000,1.71900000,7.30200000,4.17500000,6.96700000,-2.45600000,0.33500000,2.47874182
lissajous,PID,184,184,37.58380000,4.38400000,6.98200000,1.97800000,7.33600000,4.38400000,6.98200000,-2.40600000,0.35400000,2.43190296
lissajous,PID,185,185,37.78260000,4.58700000,6.99200000,2.23900000,7.36100000,4.58700000,6.99200000,-2.34800000,0.36900000,2.37681825
lissajous,PID,186,186,37.98690000,4.78300000,6.99800000,2.50500000,7.39200000,4.78300000,6.99800000,-2.27800000,0.39400000,2.31182179
lissajous,PID,187,187,38.18840000,4.97300000,7.00000000,2.79100000,7.40700000,4.97300000,7.00000000,-2.18200000,0.40700000,2.21963353
lissajous,PID,188,188,38.39120000,5.15600000,6.99700000,3.05900000,7.41500000,5.15600000,6.99700000,-2.09700000,0.41800000,2.13825466
lissajous,PID,189,189,38.59380000,5.33100000,6.99000000,3.35200000,7.43300000,5.33100000,6.99000000,-1.97900000,0.44300000,2.02797682
lissajous,PID,190,190,38.81090000,5.49800000,6.97800000,3.62200000,7.43900000,5.49800000,6.97800000,-1.87600000,0.46100000,1.93181184
lissajous,PID,191,191,39.01530000,5.65800000,6.96200000,3.90500000,7.46000000,5.65800000,6.96200000,-1.75300000,0.49800000,1.82236467
lissajous,PID,192,192,39.21910000,5.81000000,6.94200000,4.17500000,7.46900000,5.81000000,6.94200000,-1.63500000,0.52700000,1.71783410
lissajous,PID,193,193,39.42200000,5.95300000,6.91700000,4.45900000,7.46700000,5.95300000,6.91700000,-1.49400000,0.55000000,1.59202261
lissajous,PID,194,194,39.62430000,6.08800000,6.88800000,4.72100000,7.45700000,6.08800000,6.88800000,-1.36700000,0.56900000,1.48069241
lissajous,PID,195,195,39.84880000,6.21400000,6.85400000,5.06800000,7.43800000,6.21400000,6.85400000,-1.14600000,0.58400000,1.28622393
lissajous,PID,196,196,40.03010000,6.33100000,6.81600000,5.21200000,7.42600000,6.33100000,6.81600000,-1.11900000,0.61000000,1.27446499
lissajous,PID,197,197,40.23290000,6.43900000,6.77400000,5.45600000,7.39100000,6.43900000,6.77400000,-0.98300000,0.61700000,1.16059381
lissajous,PID,198,198,40.44990000,6.53800000,6.72700000,5.76800000,7.31200000,6.53800000,6.72700000,-0.77000000,0.58500000,0.96701861
lissajous,PID,199,199,40.64870000,6.62800000,6.67600000,5.97300000,7.28800000,6.62800000,6.67600000,-0.65500000,0.61200000,0.89642010
lissajous,PID,200,200,40.84950000,6.70800000,6.62100000,6.14900000,7.25700000,6.70800000,6.62100000,-0.55900000,0.63600000,0.84674494
lissajous,PID,201,201,41.05210000,6.77900000,6.56200000,6.35900000,7.22100000,6.77900000,6.56200000,-0.42000000,0.65900000,0.78146081
lissajous,PID,202,202,41.25280000,6.84000000,6.49800000,6.53300000,7.17100000,6.84000000,6.49800000,-0.30700000,0.67300000,0.73971481
lissajous,PID,203,203,41.45260000,6.89200000,6.43100000,6.69200000,7.11100000,6.89200000,6.43100000,-0.20000000,0.68000000,0.70880181
lissajous,PID,204,204,41.65810000,6.93300000,6.35900000,6.85000000,7.05500000,6.93300000,6.35900000,-0.08300000,0.69600000,0.70093152
lissajous,PID,205,205,41.86080000,6.96500000,6.28300000,6.99500000,7.00100000,6.96500000,6.28300000,0.03000000,0.71800000,0.71862647
lissajous,PID,206,206,42.06500000,6.98600000,6.20400000,7.12700000,6.95500000,6.98600000,6.20400000,0.14100000,0.75100000,0.76412172
lissajous,PID,207,207,42.27020000,6.99800000,6.12000000,7.20700000,6.89200000,6.99800000,6.12000000,0.20900000,0.77200000,0.79979060
lissajous,PID,208,208,42.47410000,6.99900000,6.03300000,7.33000000,6.79600000,6.99900000,6.03300000,0.33100000,0.76300000,0.83170307
lissajous,PID,209,209,42.67810000,6.99100000,5.94100000,7.39800000,6.74100000,6.99100000,5.94100000,0.40700000,0.80000000,0.89757952
lissajous,PID,210,210,42.88080000,6.97300000,5.84600000,7.46200000,6.64000000,6.97300000,5.84600000,0.48900000,0.79400000,0.93250040
lissajous,PID,211,211,43.08540000,6.94500000,5.74700000,7.51500000,6.57100000,6.94500000,5.74700000,0.57000000,0.82400000,1.00193613
lissajous,PID,212,212,43.28850000,6.90600000,5.64500000,7.53500000,6.46300000,6.90600000,5.64500000,0.62900000,0.81800000,1.03187451
lissajous,PID,213,213,43.49220000,6.85800000,5.53900000,7.53500000,6.38600000,6.85800000,5.53900000,0.67700000,0.84700000,1.08431453
lissajous,PID,214,214,43.69740000,6.80100000,5.42900000,7.53600000,6.26300000,6.80100000,5.42900000,0.73500000,0.83400000,1.11165687
lissajous,PID,215,215,43.90270000,6.73300000,5.31600000,7.53500000,6.15600000,6.73300000,5.31600000,0.80200000,0.84000000,1.16138021
lissajous,PID,216,216,44.11540000,6.65600000,5.20000000,7.50000000,6.06400000,6.65600000,5.20000000,0.84400000,0.86400000,1.20782118
lissajous,PID,217,217,44.31550000,6.56900000,5.08000000,7.46700000,5.93300000,6.56900000,5.08000000,0.89800000,0.85300000,1.23855278
lissajous,PID,218,218,44.51550000,6.47300000,4.95800000,7.41700000,5.81700000,6.47300000,4.95800000,0.94400000,0.85900000,1.27632950
lissajous,PID,219,219,44.70250000,6.36800000,4.83200000,7.37800000,5.74100000,6.36800000,4.83200000,1.01000000,0.90900000,1.35881603
lissajous,PID,220,220,44.91890000,6.25400000,4.70200000,7.28300000,5.56400000,6.25400000,4.70200000,1.02900000,0.86200000,1.34234310
lissajous,PID,221,221,45.12080000,6.13100000,4.57000000,7.21800000,5.44500000,6.13100000,4.57000000,1.08700000,0.87500000,1.39541893
lissajous,PID,222,222,45.31950000,5.99900000,4.43500000,7.11000000,5.36800000,5.99900000,4.43500000,1.11100000,0.93300000,1.45079633
lissajous,PID,223,223,45.51910000,5.85800000,4.29800000,7.05100000,5.22400000,5.85800000,4.29800000,1.19300000,0.92600000,1.51020694
lissajous,PID,224,224,45.71980000,5.70900000,4.15700000,6.92700000,5.08100000,5.70900000,4.15700000,1.21800000,0.92400000,1.52882308
lissajous,PID,225,225,45.92050000,5.55200000,4.01400000,6.79700000,4.94000000,5.55200000,4.01400000,1.24500000,0.92600000,1.55161239
lissajous,PID,226,226,46.12420000,5.38700000,3.86800000,6.66800000,4.79400000,5.38700000,3.86800000,1.28100000,0.92600000,1.58064449
lissajous,PID,227,227,46.34020000,5.21500000,3.72000000,6.53700000,4.64900000,5.21500000,3.72000000,1.32200000,0.92900000,1.61577381
lissajous,PID,228,228,46.54210000,5.03500000,3.57000000,6.40900000,4.50800000,5.03500000,3.57000000,1.37400000,0.93800000,1.66364660
lissajous,PID,229,229,46.74400000,4.84700000,3.41700000,6.26800000,4.36700000,4.84700000,3.41700000,1.42100000,0.95000000,1.70931009
lissajous,PID,230,230,46.94800000,4.65300000,3.26200000,6.11900000,4.21000000,4.65300000,3.26200000,1.46600000,0.94800000,1.74581213
lissajous,PID,231,231,47.15310000,4.45200000,3.10500000,5.97300000,4.05800000,4.45200000,3.10500000,1.52100000,0.95300000,1.79489554
lissajous,PID,232,232,47.35710000,4.24500000,2.94600000,5.81300000,3.90500000,4.24500000,2.94600000,1.56800000,0.95900000,1.83801659
lissajous,PID,233,233,47.56110000,4.03200000,2.78500000,5.64200000,3.75700000,4.03200000,2.78500000,1.61000000,0.97200000,1.88066052
lissajous,PID,234,234,47.76540000,3.81300000,2.62300000,5.47100000,3.59700000,3.81300000,2.62300000,1.65800000,0.97400000,1.92292486
lissajous,PID,235,235,47.96880000,3.58900000,2.45800000,5.29500000,3.44600000,3.58900000,2.45800000,1.70600000,0.98800000,1.97144110
lissajous,PID,236,236,48.18190000,3.35900000,2.29300000,5.03100000,3.24000000,3.35900000,2.29300000,1.67200000,0.94700000,1.92156004
lissajous,PID,237,237,48.38200000,3.12500000,2.12500000,4.85100000,3.09100000,3.12500000,2.12500000,1.72600000,0.96600000,1.97793630
lissajous,PID,238,238,48.58160000,2.88600000,1.95700000,4.65100000,2.93000000,2.88600000,1.95700000,1.76500000,0.97300000,2.01542899
lissajous,PID,239,239,48.78160000,2.64300000,1.78700000,4.43800000,2.76800000,2.64300000,1.78700000,1.79500000,0.98100000,2.04557718
lissajous,PID,240,240,48.98490000,2.39600000,1.61600000,4.23900000,2.61000000,2.39600000,1.61600000,1.84300000,0.99400000,2.09396394
lissajous,PID,241,241,49.18580000,2.14600000,1.44400000,4.02300000,2.44600000,2.14600000,1.44400000,1.87700000,1.00200000,2.12770604
lissajous,PID,242,242,49.39100000,1.89300000,1.27100000,3.79600000,2.28500000,1.89300000,1.27100000,1.90300000,1.01400000,2.15629427
lissajous,PID,243,243,49.60850000,1.63700000,1.09700000,3.59900000,2.12500000,1.63700000,1.09700000,1.96200000,1.02800000,2.21500068
lissajous,PID,244,244,49.81200000,1.37900000,0.92300000,3.37800000,1.96400000,1.37900000,0.92300000,1.99900000,1.04100000,2.25381499
lissajous,PID,245,245,50.01690000,1.11900000,0.74800000,3.14600000,1.81100000,1.11900000,0.74800000,2.02700000,1.06300000,2.28882022
lissajous,PID,246,246,50.22160000,0.85700000,0.57200000,2.93100000,1.63600000,0.85700000,0.57200000,2.07400000,1.06400000,2.33100236
lissajous,PID,247,247,50.42410000,0.59400000,0.39600000,2.68800000,1.46400000,0.59400000,0.39600000,2.09400000,1.06800000,2.35062970
lissajous,PID,248,248,50.63000000,0.33000000,0.22000000,2.47600000,1.30000000,0.33000000,0.22000000,2.14600000,1.08000000,2.40243959
lissajous,PID,249,249,50.83510000,0.06600000,0.04400000,2.23400000,1.14100000,0.06600000,0.04400000,2.16800000,1.09700000,2.42973929
lissajous,PID,250,250,51.04820000,-0.19800000,-0.13200000,1.92800000,0.90500000,-0.19800000,-0.13200000,2.12600000,1.03700000,2.36542702
lissajous,PID,251,251,51.24850000,-0.46200000,-0.30800000,1.70300000,0.73700000,-0.46200000,-0.30800000,2.16500000,1.04500000,2.40400707
lissajous,PID,252,252,51.44940000,-0.72600000,-0.48400000,1.47500000,0.57600000,-0.72600000,-0.48400000,2.20100000,1.06000000,2.44294924
lissajous,PID,253,253,51.65170000,-0.98800000,-0.66000000,1.25200000,0.40300000,-0.98800000,-0.66000000,2.24000000,1.06300000,2.47942917
lissajous,PID,254,254,51.85090000,-1.24900000,-0.83500000,0.99000000,0.25200000,-1.24900000,-0.83500000,2.23900000,1.08700000,2.48891342
lissajous,PID,255,255,52.05160000,-1.50900000,-1.01000000,0.74500000,0.06700000,-1.50900000,-1.01000000,2.25400000,1.07700000,2.49808827
lissajous,PID,256,256,52.25210000,-1.76600000,-1.18400000,0.49900000,-0.11400000,-1.76600000,-1.18400000,2.26500000,1.07000000,2.50501996
lissajous,PID,257,257,52.46200000,-2.02000000,-1.35800000,0.26600000,-0.28400000,-2.02000000,-1.35800000,2.28600000,1.07400000,2.52572207
lissajous,PID,258,258,52.66690000,-2.27200000,-1.53000000,0.02300000,-0.45200000,-2.27200000,-1.53000000,2.29500000,1.07800000,2.53556877
lissajous,PID,259,259,52.87160000,-2.52000000,-1.70200000,-0.20200000,-0.62500000,-2.52000000,-1.70200000,2.31800000,1.07700000,2.55598376
lissajous,PID,260,260,53.07570000,-2.76500000,-1.87200000,-0.43900000,-0.80800000,-2.76500000,-1.87200000,2.32600000,1.06400000,2.55780609
lissajous,PID,261,261,53.26530000,-3.00600000,-2.04100000,-0.66300000,-0.98400000,-3.00600000,-2.04100000,2.34300000,1.05700000,2.57038869
lissajous,PID,262,262,53.46930000,-3.24300000,-2.20900000,-0.91100000,-1.15900000,-3.24300000,-2.20900000,2.33200000,1.05000000,2.55748392
lissajous,PID,263,263,53.67220000,-3.47500000,-2.37600000,-1.12300000,-1.32700000,-3.47500000,-2.37600000,2.35200000,1.04900000,2.57532619
lissajous,PID,264,264,53.87420000,-3.70200000,-2.54100000,-1.35400000,-1.51500000,-3.70200000,-2.54100000,2.34800000,1.02600000,2.56237780
lissajous,PID,265,265,54.07710000,-3.92300000,-2.70400000,-1.56600000,-1.70700000,-3.92300000,-2.70400000,2.35700000,0.99700000,2.55919089
lissajous,PID,266,266,54.29510000,-4.13900000,-2.86600000,-1.80400000,-1.88800000,-4.13900000,-2.86600000,2.33500000,0.97800000,2.53154281
lissajous,PID,267,267,54.48490000,-4.35000000,-3.02600000,-2.00000000,-2.07800000,-4.35000000,-3.02600000,2.35000000,0.94800000,2.53400947
lissajous,PID,268,268,54.68630000,-4.55400000,-3.18400000,-2.25400000,-2.27400000,-4.55400000,-3.18400000,2.30000000,0.91000000,2.47347933
lissajous,PID,269,269,54.91510000,-4.75100000,-3.34000000,-2.54300000,-2.50900000,-4.75100000,-3.34000000,2.20800000,0.83100000,2.35920008
lissajous,PID,270,270,55.09220000,-4.94200000,-3.49400000,-2.67800000,-2.61700000,-4.94200000,-3.49400000,2.26400000,0.87700000,2.42792607
lissajous,PID,271,271,55.29600000,-5.12600000,-3.64500000,-2.91200000,-2.80900000,-5.12600000,-3.64500000,2.21400000,0.83600000,2.36657812
lissajous,PID,272,272,55.51450000,-5.30200000,-3.79500000,-3.22100000,-3.05400000,-5.30200000,-3.79500000,2.08100000,0.74100000,2.20899117
lissajous,PID,273,273,55.71550000,-5.47100000,-3.94200000,-3.44600000,-3.22600000,-5.47100000,-3.94200000,2.02500000,0.71600000,2.14785498
lissajous,PID,274,274,55.91450000,-5.63200000,-4.08600000,-3.66600000,-3.38200000,-5.63200000,-4.08600000,1.96600000,0.70400000,2.08824615
lissajous,PID,275,275,56.11470000,-5.78500000,-4.22800000,-3.90000000,-3.56100000,-5.78500000,-4.22800000,1.88500000,0.66700000,1.99952844
lissajous,PID,276,276,56.31410000,-5.93000000,-4.36700000,-4.11800000,-3.73900000,-5.93000000,-4.36700000,1.81200000,0.62800000,1.91774034
lissajous,PID,277,277,56.51840000,-6.06600000,-4.50300000,-4.36200000,-3.89000000,-6.06600000,-4.50300000,1.70400000,0.61300000,1.81090723
lissajous,PID,278,278,56.71830000,-6.19300000,-4.63700000,-4.60100000,-4.06600000,-6.19300000,-4.63700000,1.59200000,0.57100000,1.69130275
lissajous,PID,279,279,56.92520000,-6.31200000,-4.76700000,-4.82900000,-4.23500000,-6.31200000,-4.76700000,1.48300000,0.53200000,1.57553578
lissajous,PID,280,280,57.13200000,-6.42200000,-4.89500000,-5.05200000,-4.37600000,-6.42200000,-4.89500000,1.37000000,0.51900000,1.46501229
lissajous,PID,281,281,57.33630000,-6.52300000,-5.01900000,-5.26300000,-4.51400000,-6.52300000,-5.01900000,1.26000000,0.50500000,1.35743324
lissajous,PID,282,282,57.54050000,-6.61400000,-5.14100000,-5.46300000,-4.65700000,-6.61400000,-5.14100000,1.15100000,0.48400000,1.24862204
lissajous,PID,283,283,57.74580000,-6.69600000,-5.25900000,-5.66500000,-4.79100000,-6.69600000,-5.25900000,1.03100000,0.46800000,1.13224776
lissajous,PID,284,284,57.94970000,-6.76800000,-5.37300000,-5.87200000,-4.92600000,-6.76800000,-5.37300000,0.89600000,0.44700000,1.00131164
lissajous,PID,285,285,58.15400000,-6.83100000,-5.48500000,-6.04900000,-5.03700000,-6.83100000,-5.48500000,0.78200000,0.44800000,0.90123693
lissajous,PID,286,286,58.34230000,-6.88400000,-5.59200000,-6.24200000,-5.16600000,-6.88400000,-5.59200000,0.64200000,0.42600000,0.77048037
lissajous,PID,287,287,58.54630000,-6.92700000,-5.69700000,-6.41400000,-5.30400000,-6.92700000,-5.69700000,0.51300000,0.39300000,0.64623370
lissajous,PID,288,288,58.74890000,-6.96000000,-5.79700000,-6.57100000,-5.43200000,-6.96000000,-5.79700000,0.38900000,0.36500000,0.53342853
lissajous,PID,289,289,58.96820000,-6.98300000,-5.89400000,-6.72600000,-5.53900000,-6.98300000,-5.89400000,0.25700000,0.35500000,0.43826248
lissajous,PID,290,290,59.16850000,-6.99700000,-5.98700000,-6.83400000,-5.64900000,-6.99700000,-5.98700000,0.16300000,0.33800000,0.37525058
lissajous,PID,291,291,59.38150000,-7.00000000,-6.07700000,-7.02100000,-5.83700000,-7.00000000,-6.07700000,-0.02100000,0.24000000,0.24091700
lissajous,PID,292,292,59.58120000,-6.99300000,-6.16200000,-7.12900000,-5.95300000,-6.99300000,-6.16200000,-0.13600000,0.20900000,0.24935316
lissajous,PID,293,293,59.78090000,-6.97700000,-6.24400000,-7.21000000,-6.04700000,-6.97700000,-6.24400000,-0.23300000,0.19700000,0.30511965
lissajous,PID,294,294,59.98120000,-6.95000000,-6.32200000,-7.25900000,-6.14900000,-6.95000000,-6.32200000,-0.30900000,0.17300000,0.35413274
lissajous,PID,295,295,60.18430000,-6.91300000,-6.39500000,-7.31700000,-6.20800000,-6.91300000,-6.39500000,-0.40400000,0.18700000,0.44517974
lissajous,PID,296,296,60.38460000,-6.86700000,-6.46500000,-7.34800000,-6.33700000,-6.86700000,-6.46500000,-0.48100000,0.12800000,0.49773989
lissajous,PID,297,297,60.58500000,-6.81100000,-6.53100000,-7.35900000,-6.44300000,-6.81100000,-6.53100000,-0.54800000,0.08800000,0.55502072
lissajous,PID,298,298,60.78430000,-6.74500000,-6.59200000,-7.36000000,-6.49800000,-6.74500000,-6.59200000,-0.61500000,0.09400000,0.62214227
lissajous,PID,299,299,60.98480000,-6.67000000,-6.64900000,-7.35000000,-6.61900000,-6.67000000,-6.64900000,-0.68000000,0.03000000,0.68066144
lissajous,PID,300,300,61.20140000,-6.58500000,-6.70200000,-7.33100000,-6.72000000,-6.58500000,-6.70200000,-0.74600000,-0.01800000,0.74621713
lissajous,PID,301,301,61.41940000,-6.49000000,-6.75100000,-7.30900000,-6.78400000,-6.49000000,-6.75100000,-0.81900000,-0.03300000,0.81966457
lissajous,PID,302,302,61.62050000,-6.38600000,-6.79500000,-7.27000000,-6.83200000,-6.38600000,-6.79500000,-0.88400000,-0.03700000,0.88477398
lissajous,PID,303,303,61.82370000,-6.27400000,-6.83600000,-7.20800000,-6.88900000,-6.27400000,-6.83600000,-0.93400000,-0.05300000,0.93550254
lissajous,PID,304,304,62.02590000,-6.15200000,-6.87100000,-7.15800000,-6.94600000,-6.15200000,-6.87100000,-1.00600000,-0.07500000,1.00879185
lissajous,PID,305,305,62.23010000,-6.02100000,-6.90300000,-7.05600000,-7.01000000,-6.02100000,-6.90300000,-1.03500000,-0.10700000,1.04051622
lissajous,PID,306,306,62.43150000,-5.88200000,-6.93000000,-6.98400000,-7.07700000,-5.88200000,-6.93000000,-1.10200000,-0.14700000,1.11176122
lissajous,PID,307,307,62.64720000,-5.73500000,-6.95300000,-6.82100000,-7.14800000,-5.73500000,-6.95300000,-1.08600000,-0.19500000,1.10336803
lissajous,PID,308,308,62.84700000,-5.57900000,-6.97100000,-6.71400000,-7.17400000,-5.57900000,-6.97100000,-1.13500000,-0.20300000,1.15301084
lissajous,PID,309,309,63.04710000,-5.41500000,-6.98500000,-6.65300000,-7.20900000,-5.41500000,-6.98500000,-1.23800000,-0.22400000,1.25810174
lissajous,PID,310,310,63.24760000,-5.24400000,-6.99400000,-6.52000000,-7.23900000,-5.24400000,-6.99400000,-1.27600000,-0.24500000,1.29930789
lissajous,PID,311,311,63.45100000,-5.06500000,-6.99900000,-6.37700000,-7.25900000,-5.06500000,-6.99900000,-1.31200000,-0.26000000,1.33751411
lissajous,PID,312,312,63.64750000,-4.87900000,-7.00000000,-6.24700000,-7.28600000,-4.87900000,-7.00000000,-1.36800000,-0.28600000,1.39757647
lissajous,PID,313,313,63.85130000,-4.68600000,-6.99600000,-6.10500000,-7.29800000,-4.68600000,-6.99600000,-1.41900000,-0.30200000,1.45078082
lissajous,PID,314,314,64.04750000,-4.48600000,-6.98700000,-5.96700000,-7.29900000,-4.48600000,-6.98700000,-1.48100000,-0.31200000,1.51350752
lissajous,PID,315,315,64.25090000,-4.28000000,-6.97500000,-5.80400000,-7.31300000,-4.28000000,-6.97500000,-1.52400000,-0.33800000,1.56103171
lissajous,PID,316,316,64.45490000,-4.06800000,-6.95800000,-5.66100000,-7.31200000,-4.06800000,-6.95800000,-1.59300000,-0.35400000,1.63185937
lissajous,PID,317,317,64.65520000,-3.85000000,-6.93600000,-5.48600000,-7.31400000,-3.85000000,-6.93600000,-1.63600000,-0.37800000,1.67910095
lissajous,PID,318,318,64.87280000,-3.62600000,-6.91000000,-5.31700000,-7.31800000,-3.62600000,-6.91000000,-1.69100000,-0.40800000,1.73952436
lissajous,PID,319,319,65.07580000,-3.39800000,-6.88000000,-5.16700000,-7.31500000,-3.39800000,-6.88000000,-1.76900000,-0.43500000,1.82169866
lissajous,PID,320,320,65.26380000,-3.16400000,-6.84500000,-4.97700000,-7.30700000,-3.16400000,-6.84500000,-1.81300000,-0.46200000,1.87093907
lissajous,PID,321,321,65.46780000,-2.92600000,-6.80600000,-4.78900000,-7.28600000,-2.92600000,-6.80600000,-1.86300000,-0.48000000,1.92384225
lissajous,PID,322,322,65.68530000,-2.68400000,-6.76200000,-4.59800000,-7.25900000,-2.68400000,-6.76200000,-1.91400000,-0.49700000,1.97747440
lissajous,PID,323,323,65.88760000,-2.43800000,-6.71500000,-4.40800000,-7.24300000,-2.43800000,-6.71500000,-1.97000000,-0.52800000,2.03953034
lissajous,PID,324,324,66.08940000,-2.18800000,-6.66300000,-4.21600000,-7.19000000,-2.18800000,-6.66300000,-2.02800000,-0.52700000,2.09535510
lissajous,PID,325,325,66.29460000,-1.93600000,-6.60700000,-3.99800000,-7.16200000,-1.93600000,-6.60700000,-2.06200000,-0.55500000,2.13538498
lissajous,PID,326,326,66.48300000,-1.68000000,-6.54600000,-3.80900000,-7.12100000,-1.68000000,-6.54600000,-2.12900000,-0.57500000,2.20528139
lissajous,PID,327,327,66.70110000,-1.42200000,-6.48200000,-3.57500000,-7.07000000,-1.42200000,-6.48200000,-2.15300000,-0.58800000,2.23184968
lissajous,PID,328,328,66.91420000,-1.16200000,-6.41300000,-3.31900000,-7.00000000,-1.16200000,-6.41300000,-2.15700000,-0.58700000,2.23544582
lissajous,PID,329,329,67.11380000,-0.90100000,-6.34100000,-3.10600000,-6.94700000,-0.90100000,-6.34100000,-2.20500000,-0.60600000,2.28675775
lissajous,PID,330,330,67.29560000,-0.63800000,-6.26400000,-2.98900000,-6.89900000,-0.63800000,-6.26400000,-2.35100000,-0.63500000,2.43524660
lissajous,PID,331,331,67.51370000,-0.37400000,-6.18300000,-2.65500000,-6.83200000,-0.37400000,-6.18300000,-2.28100000,-0.64900000,2.37153157
lissajous,PID,332,332,67.71360000,-0.11000000,-6.09900000,-2.45800000,-6.76600000,-0.11000000,-6.09900000,-2.34800000,-0.66700000,2.44090004
lissajous,PID,333,333,67.91440000,0.15400000,-6.01000000,-2.22200000,-6.70600000,0.15400000,-6.01000000,-2.37600000,-0.69600000,2.47584168
lissajous,PID,334,334,68.11400000,0.41800000,-5.91800000,-2.04300000,-6.64000000,0.41800000,-5.91800000,-2.46100000,-0.72200000,2.56472318
lissajous,PID,335,335,68.31780000,0.68200000,-5.82200000,-1.80000000,-6.51400000,0.68200000,-5.82200000,-2.48200000,-0.69200000,2.57666218
lissajous,PID,336,336,68.51750000,0.94500000,-5.72200000,-1.59600000,-6.45300000,0.94500000,-5.72200000,-2.54100000,-0.73100000,2.64405787
lissajous,PID,337,337,68.71740000,1.20600000,-5.61900000,-1.36200000,-6.33900000,1.20600000,-5.61900000,-2.56800000,-0.72000000,2.66702531
lissajous,PID,338,338,68.92720000,1.46500000,-5.51200000,-1.13100000,-6.27400000,1.46500000,-5.51200000,-2.59600000,-0.76200000,2.70552398
lissajous,PID,339,339,69.13110000,1.72300000,-5.40100000,-0.88500000,-6.20000000,1.72300000,-5.40100000,-2.60800000,-0.79900000,2.72764825
lissajous,PID,340,340,69.33350000,1.97800000,-5.28800000,-0.64700000,-6.07500000,1.97800000,-5.28800000,-2.62500000,-0.78700000,2.74043683
lissajous,PID,341,341,69.53620000,2.23000000,-5.17000000,-0.39300000,-5.96000000,2.23000000,-5.17000000,-2.62300000,-0.79000000,2.73938478
lissajous,PID,342,342,69.73620000,2.47900000,-5.05000000,-0.15400000,-5.89400000,2.47900000,-5.05000000,-2.63300000,-0.84400000,2.76496383
lissajous,PID,343,343,69.93890000,2.72500000,-4.92600000,0.08600000,-5.77300000,2.72500000,-4.92600000,-2.63900000,-0.84700000,2.77159340
lissajous,PID,344,344,70.14200000,2.96600000,-4.80000000,0.33100000,-5.65200000,2.96600000,-4.80000000,-2.63500000,-0.85200000,2.76931923
lissajous,PID,345,345,70.34410000,3.20300000,-4.67000000,0.57900000,-5.57400000,3.20300000,-4.67000000,-2.62400000,-0.90400000,2.77535439
lissajous,PID,346,346,70.54690000,3.43600000,-4.53700000,0.81400000,-5.44400000,3.43600000,-4.53700000,-2.62200000,-0.90700000,2.77444283
lissajous,PID,347,347,70.75140000,3.66400000,-4.40100000,1.07300000,-5.31600000,3.66400000,-4.40100000,-2.59100000,-0.91500000,2.74781841
lissajous,PID,348,348,70.95420000,3.88700000,-4.26300000,1.32100000,-5.18900000,3.88700000,-4.26300000,-2.56600000,-0.92600000,2.72797214
lissajous,PID,349,349,71.15700000,4.10400000,-4.12200000,1.56500000,-5.04600000,4.10400000,-4.12200000,-2.53900000,-0.92400000,2.70190618
lissajous,PID,350,350,71.36140000,4.31500000,-3.97800000,1.80600000,-4.92300000,4.31500000,-3.97800000,-2.50900000,-0.94500000,2.68106434
lissajous,PID,351,351,71.56420000,4.52000000,-3.83200000,2.04800000,-4.78500000,4.52000000,-3.83200000,-2.47200000,-0.95300000,2.64933822
lissajous,PID,352,352,71.76770000,4.71900000,-3.68300000,2.29000000,-4.62800000,4.71900000,-3.68300000,-2.42900000,-0.94500000,2.60635109
lissajous,PID,353,353,71.98030000,4.91100000,-3.53200000,2.62300000,-4.43000000,4.91100000,-3.53200000,-2.28800000,-0.89800000,2.45791538
lissajous,PID,354,354,72.18000000,5.09600000,-3.37800000,2.86000000,-4.28500000,5.09600000,-3.37800000,-2.23600000,-0.90700000,2.41295358
lissajous,PID,355,355,72.38020000,5.27300000,-3.22300000,3.12300000,-4.14900000,5.27300000,-3.22300000,-2.15000000,-0.92600000,2.34093486
lissajous,PID,356,356,72.58010000,5.44300000,-3.06600000,3.39500000,-4.00900000,5.44300000,-3.06600000,-2.04800000,-0.94300000,2.25467359
lissajous,PID,357,357,72.78340000,5.60600000,-2.90600000,3.65000000,-3.87800000,5.60600000,-2.90600000,-1.95600000,-0.97200000,2.18419779
lissajous,PID,358,358,72.98390000,5.76000000,-2.74500000,3.91600000,-3.72600000,5.76000000,-2.74500000,-1.84400000,-0.98100000,2.08870702
lissajous,PID,359,359,73.18700000,5.90600000,-2.58200000,4.16900000,-3.54600000,5.90600000,-2.58200000,-1.73700000,-0.96400000,1.98657117
lissajous,PID,360,360,73.39060000,6.04400000,-2.41700000,4.44200000,-3.38500000,6.04400000,-2.41700000,-1.60200000,-0.96800000,1.87174464
lissajous,PID,361,361,73.59250000,6.17300000,-2.25100000,4.70400000,-3.21800000,6.17300000,-2.25100000,-1.46900000,-0.96700000,1.75870691
lissajous,PID,362,362,73.79500000,6.29300000,-2.08300000,4.95300000,-3.04900000,6.29300000,-2.08300000,-1.34000000,-0.96600000,1.65189467
lissajous,PID,363,363,73.99820000,6.40400000,-1.91400000,5.20000000,-2.90100000,6.40400000,-1.91400000,-1.20400000,-0.98700000,1.55685099
lissajous,PID,364,364,74.20140000,6.50600000,-1.74400000,5.44000000,-2.71000000,6.50600000,-1.74400000,-1.06600000,-0.96600000,1.43857986
lissajous,PID,365,365,74.40590000,6.59900000,-1.57300000,5.66300000,-2.54800000,6.59900000,-1.57300000,-0.93600000,-0.97500000,1.35156243
lissajous,PID,366,366,74.60960000,6.68300000,-1.40100000,5.87300000,-2.39800000,6.68300000,-1.40100000,-0.81000000,-0.99700000,1.28456569
lissajous,PID,367,367,74.81300000,6.75700000,-1.22800000,6.06800000,-2.23100000,6.75700000,-1.22800000,-0.68900000,-1.00300000,1.21685250
lissajous,PID,368,368,75.01520000,6.82100000,-1.05400000,6.27600000,-2.07100000,6.82100000,-1.05400000,-0.54500000,-1.01700000,1.15382581
lissajous,PID,369,369,75.21760000,6.87600000,-0.87900000,6.44800000,-1.89600000,6.87600000,-0.87900000,-0.42800000,-1.01700000,1.10339159
lissajous,PID,370,370,75.42090000,6.92000000,-0.70400000,6.60200000,-1.71600000,6.92000000,-0.70400000,-0.31800000,-1.01200000,1.06078650
lissajous,PID,371,371,75.62420000,6.95500000,-0.52800000,6.75900000,-1.55200000,6.95500000,-0.52800000,-0.19600000,-1.02400000,1.04258908
lissajous,PID,372,372,75.84660000,6.98000000,-0.35200000,6.92700000,-1.30800000,6.98000000,-0.35200000,-0.05300000,-0.95600000,0.95746802
lissajous,PID,373,373,76.02990000,6.99500000,-0.17600000,7.00300000,-1.20700000,6.99500000,-0.17600000,0.00800000,-1.03100000,1.03103104
lissajous,PID,374,374,76.24660000,7.00000000,-0.00000000,7.18500000,-0.95500000,7.00000000,-0.00000000,0.18500000,-0.95500000,0.97275382
lissajous,PID,375,375,76.44670000,7.00000000,0.00000000,7.28200000,-0.79400000,7.00000000,0.00000000,0.28200000,-0.79400000,0.84259124
lissajous,PID,376,376,76.64640000,6.99500000,0.17600000,7.33500000,-0.64400000,6.99500000,0.17600000,0.34000000,-0.82000000,0.88769364
lissajous,PID,377,377,76.84970000,6.98000000,0.35200000,7.38600000,-0.49100000,6.98000000,0.35200000,0.40600000,-0.84300000,0.93567355
lissajous,PID,378,378,77.05010000,6.95500000,0.52800000,7.44300000,-0.32900000,6.95500000,0.52800000,0.48800000,-0.85700000,0.98620130
lissajous,PID,379,379,77.25020000,6.92000000,0.70400000,7.47700000,-0.17800000,6.92000000,0.70400000,0.55700000,-0.88200000,1.04315531
lissajous,PID,380,380,77.46010000,6.87600000,0.87900000,7.48100000,-0.01200000,6.87600000,0.87900000,0.60500000,-0.89100000,1.07698932
lissajous,PID,381,381,77.66490000,6.82100000,1.05400000,7.47000000,0.13500000,6.82100000,1.05400000,0.64900000,-0.91900000,1.12506089
lissajous,PID,382,382,77.86900000,6.75700000,1.22800000,7.46300000,0.29300000,6.75700000,1.22800000,0.70600000,-0.93500000,1.17160616
lissajous,PID,383,383,78.07200000,6.68300000,1.40100000,7.45400000,0.44800000,6.68300000,1.40100000,0.77100000,-0.95300000,1.22582625
lissajous,PID,384,384,78.27610000,6.59900000,1.57300000,7.43500000,0.62400000,6.59900000,1.57300000,0.83600000,-0.94900000,1.26471222
lissajous,PID,385,385,78.47950000,6.50600000,1.74400000,7.38500000,0.80200000,6.50600000,1.74400000,0.87900000,-0.94200000,1.28841181
lissajous,PID,386,386,78.68420000,6.40400000,1.91400000,7.33200000,0.97200000,6.40400000,1.91400000,0.92800000,-0.94200000,1.32232674
lissajous,PID,387,387,78.88780000,6.29300000,2.08300000,7.28000000,1.14900000,6.29300000,2.08300000,0.98700000,-0.93400000,1.35886902
lissajous,PID,388,388,79.09100000,6.17300000,2.25100000,7.21300000,1.30900000,6.17300000,2.25100000,1.04000000,-0.94200000,1.40319778
lissajous,PID,389,389,79.27980000,6.04400000,2.41700000,7.13400000,1.48600000,6.04400000,2.41700000,1.09000000,-0.93100000,1.43347864
lissajous,PID,390,390,79.48320000,5.90600000,2.58200000,7.02500000,1.66400000,5.90600000,2.58200000,1.11900000,-0.91800000,1.44737176
lissajous,PID,391,391,79.68600000,5.76000000,2.74500000,6.93500000,1.82200000,5.76000000,2.74500000,1.17500000,-0.92300000,1.49417335
lissajous,PID,392,392,79.91260000,5.60600000,2.90600000,6.76400000,2.04200000,5.60600000,2.90600000,1.15800000,-0.86400000,1.44480449
lissajous,PID,393,393,80.11280000,5.44300000,3.06600000,6.69200000,2.21100000,5.44300000,3.06600000,1.24900000,-0.85500000,1.51361356
lissajous,PID,394,394,80.31290000,5.27300000,3.22300000,6.57700000,2.34300000,5.27300000,3.22300000,1.30400000,-0.88000000,1.57315479
lissajous,PID,395,395,80.51330000,5.09600000,3.37800000,6.44100000,2.50700000,5.09600000,3.37800000,1.34500000,-0.87100000,1.60239383
lissajous,PID,396,396,80.71650000,4.91100000,3.53200000,6.27300000,2.67400000,4.91100000,3.53200000,1.36200000,-0.85800000,1.60972296
lissajous,PID,397,397,80.91630000,4.71900000,3.68300000,6.12900000,2.82000000,4.71900000,3.68300000,1.41000000,-0.86300000,1.65313914
lissajous,PID,398,398,81.11640000,4.52000000,3.83200000,5.97600000,2.98400000,4.52000000,3.83200000,1.45600000,-0.84800000,1.68494510
lissajous,PID,399,399,81.31730000,4.31500000,3.97800000,5.80200000,3.16500000,4.31500000,3.97800000,1.48700000,-0.81300000,1.69473833
lissajous,PID,400,400,81.51670000,4.10400000,4.12200000,5.63400000,3.31400000,4.10400000,4.12200000,1.53000000,-0.80800000,1.73024969
lissajous,PID,401,401,81.73020000,3.88700000,4.26300000,5.48200000,3.46700000,3.88700000,4.26300000,1.59500000,-0.79600000,1.78259390
lissajous,PID,402,402,81.93130000,3.66400000,4.40100000,5.30100000,3.62100000,3.66400000,4.40100000,1.63700000,-0.78000000,1.81333091
lissajous,PID,403,403,82.13590000,3.43600000,4.53700000,5.10700000,3.78200000,3.43600000,4.53700000,1.67100000,-0.75500000,1.83364828
lissajous,PID,404,404,82.33920000,3.20300000,4.67000000,4.91300000,3.93200000,3.20300000,4.67000000,1.71000000,-0.73800000,1.86245644
lissajous,PID,405,405,82.54390000,2.96600000,4.80000000,4.71500000,4.08900000,2.96600000,4.80000000,1.74900000,-0.71100000,1.88799417
lissajous,PID,406,406,82.74720000,2.72500000,4.92600000,4.51000000,4.23600000,2.72500000,4.92600000,1.78500000,-0.69000000,1.91372020
lissajous,PID,407,407,82.95090000,2.47900000,5.05000000,4.30100000,4.38100000,2.47900000,5.05000000,1.82200000,-0.66900000,1.94093921
lissajous,PID,408,408,83.15280000,2.23000000,5.17000000,4.08100000,4.51800000,2.23000000,5.17000000,1.85100000,-0.65200000,1.96247420
lissajous,PID,409,409,83.35740000,1.97800000,5.28800000,3.86600000,4.65600000,1.97800000,5.28800000,1.88800000,-0.63200000,1.99097162
lissajous,PID,410,410,83.56040000,1.72300000,5.40100000,3.64200000,4.76300000,1.72300000,5.40100000,1.91900000,-0.63800000,2.02227718
lissajous,PID,411,411,83.76110000,1.46500000,5.51200000,3.42600000,4.91600000,1.46500000,5.51200000,1.96100000,-0.59600000,2.04956995
lissajous,PID,412,412,83.96690000,1.20600000,5.61900000,3.17100000,5.06900000,1.20600000,5.61900000,1.96500000,-0.55000000,2.04052077
lissajous,PID,413,413,84.17930000,0.94500000,5.72200000,2.86500000,5.25900000,0.94500000,5.72200000,1.92000000,-0.46300000,1.97503646
lissajous,PID,414,414,84.37880000,0.68200000,5.82200000,2.62200000,5.36900000,0.68200000,5.82200000,1.94000000,-0.45300000,1.99218699
lissajous,PID,415,415,84.57830000,0.41800000,5.91800000,2.40500000,5.50800000,0.41800000,5.91800000,1.98700000,-0.41000000,2.02885904
lissajous,PID,416,416,84.77960000,0.15400000,6.01000000,2.16800000,5.63900000,0.15400000,6.01000000,2.01400000,-0.37100000,2.04788598
lissajous,PID,417,417,84.97960000,-0.11000000,6.09900000,1.94700000,5.72500000,-0.11000000,6.09900000,2.05700000,-0.37400000,2.09072356
lissajous,PID,418,418,85.18300000,-0.37400000,6.18300000,1.70900000,5.84400000,-0.37400000,6.18300000,2.08300000,-0.33900000,2.11040517
lissajous,PID,419,419,85.38010000,-0.63800000,6.26400000,1.45700000,5.97000000,-0.63800000,6.26400000,2.09500000,-0.29400000,2.11552854
lissajous,PID,420,420,85.58310000,-0.90100000,6.34100000,1.20800000,6.08900000,-0.90100000,6.34100000,2.10900000,-0.25200000,2.12400212
lissajous,PID,421,421,85.78220000,-1.16200000,6.41300000,0.96800000,6.21800000,-1.16200000,6.41300000,2.13000000,-0.19500000,2.13890743
lissajous,PID,422,422,85.98320000,-1.42200000,6.48200000,0.71000000,6.31900000,-1.42200000,6.48200000,2.13200000,-0.16300000,2.13822192
lissajous,PID,423,423,86.18580000,-1.68000000,6.54600000,0.46900000,6.37600000,-1.68000000,6.54600000,2.14900000,-0.17000000,2.15571357
lissajous,PID,424,424,86.39010000,-1.93600000,6.60700000,0.23000000,6.48100000,-1.93600000,6.60700000,2.16600000,-0.12600000,2.16966172
lissajous,PID,425,425,86.59500000,-2.18800000,6.66300000,0.01200000,6.54700000,-2.18800000,6.66300000,2.20000000,-0.11600000,2.20305606
lissajous,PID,426,426,86.79650000,-2.43800000,6.71500000,-0.22500000,6.59000000,-2.43800000,6.71500000,2.21300000,-0.12500000,2.21652746
lissajous,PID,427,427,87.01420000,-2.68400000,6.76200000,-0.44500000,6.65500000,-2.68400000,6.76200000,2.23900000,-0.10700000,2.24155526
lissajous,PID,428,428,87.23310000,-2.92600000,6.80600000,-0.67200000,6.71200000,-2.92600000,6.80600000,2.25400000,-0.09400000,2.25595922
lissajous,PID,429,429,87.44560000,-3.16400000,6.84500000,-0.98100000,6.84100000,-3.16400000,6.84500000,2.18300000,-0.00400000,2.18300366
lissajous,PID,430,430,87.64580000,-3.39800000,6.88000000,-1.20900000,6.87700000,-3.39800000,6.88000000,2.18900000,-0.00300000,2.18900206
lissajous,PID,431,431,87.84590000,-3.62600000,6.91000000,-1.42300000,6.91800000,-3.62600000,6.91000000,2.20300000,0.00800000,2.20301453
lissajous,PID,432,432,88.04610000,-3.85000000,6.93600000,-1.65500000,7.00100000,-3.85000000,6.93600000,2.19500000,0.06500000,2.19596220
lissajous,PID,433,433,88.24870000,-4.06800000,6.95800000,-1.87300000,7.05700000,-4.06800000,6.95800000,2.19500000,0.09900000,2.19723144
lissajous,PID,434,434,88.44910000,-4.28000000,6.97500000,-2.11800000,7.09700000,-4.28000000,6.97500000,2.16200000,0.12200000,2.16543945
lissajous,PID,435,435,88.64950000,-4.48600000,6.98700000,-2.33600000,7.14400000,-4.48600000,6.98700000,2.15000000,0.15700000,2.15572470
lissajous,PID,436,436,88.85030000,-4.68600000,6.99600000,-2.58700000,7.17400000,-4.68600000,6.99600000,2.09900000,0.17800000,2.10653388
lissajous,PID,437,437,89.04900000,-4.87900000,7.00000000,-2.81200000,7.21400000,-4.87900000,7.00000000,2.06700000,0.21400000,2.07804836
lissajous,PID,438,438,89.24930000,-5.06500000,6.99900000,-3.04500000,7.22300000,-5.06500000,6.99900000,2.02000000,0.22400000,2.03238185
lissajous,PID,439,439,89.46610000,-5.24400000,6.99400000,-3.27100000,7.24800000,-5.24400000,6.99400000,1.97300000,0.25400000,1.98928253
lissajous,PID,440,440,89.66910000,-5.41500000,6.98500000,-3.51300000,7.25400000,-5.41500000,6.98500000,1.90200000,0.26900000,1.92092816
lissajous,PID,441,441,89.87280000,-5.57900000,6.97100000,-3.74000000,7.25400000,-5.57900000,6.97100000,1.83900000,0.28300000,1.86064774
lissajous,PID,442,442,90.07570000,-5.73500000,6.95300000,-3.96300000,7.26400000,-5.73500000,6.95300000,1.77200000,0.31100000,1.79908449
lissajous,PID,443,443,90.27760000,-5.88200000,6.93000000,-4.18100000,7.25400000,-5.88200000,6.93000000,1.70100000,0.32400000,1.73158222
lissajous,PID,444,444,90.47850000,-6.02100000,6.90300000,-4.40500000,7.24500000,-6.02100000,6.90300000,1.61600000,0.34200000,1.65179297
lissajous,PID,445,445,90.68180000,-6.15200000,6.87100000,-4.63700000,7.24000000,-6.15200000,6.87100000,1.51500000,0.36900000,1.55929022
lissajous,PID,446,446,90.88520000,-6.27400000,6.83600000,-4.85700000,7.21600000,-6.27400000,6.83600000,1.41700000,0.38000000,1.46706816
lissajous,PID,447,447,91.08830000,-6.38600000,6.79500000,-5.08300000,7.17900000,-6.38600000,6.79500000,1.30300000,0.38400000,1.35840532
lissajous,PID,448,448,91.29220000,-6.49000000,6.75100000,-5.30600000,7.11500000,-6.49000000,6.75100000,1.18400000,0.36400000,1.23868963
lissajous,PID,449,449,91.49740000,-6.58500000,6.70200000,-5.49100000,7.08800000,-6.58500000,6.70200000,1.09400000,0.38600000,1.16010000
lissajous,PID,450,450,91.68610000,-6.67000000,6.64900000,-5.69300000,7.07600000,-6.67000000,6.64900000,0.97700000,0.42700000,1.06623543
lissajous,PID,451,451,91.89110000,-6.74500000,6.59200000,-5.88600000,7.06000000,-6.74500000,6.59200000,0.85900000,0.46800000,0.97821521
lissajous,PID,452,452,92.09420000,-6.81100000,6.53100000,-6.07200000,7.03300000,-6.81100000,6.53100000,0.73900000,0.50200000,0.89337842
lissajous,PID,453,453,92.31220000,-6.86700000,6.46500000,-6.30700000,7.00200000,-6.86700000,6.46500000,0.56000000,0.53700000,0.77586661
lissajous,PID,454,454,92.51260000,-6.91300000,6.39500000,-6.45000000,6.95500000,-6.91300000,6.39500000,0.46300000,0.56000000,0.72661475
lissajous,PID,455,455,92.71150000,-6.95000000,6.32200000,-6.60500000,6.90400000,-6.95000000,6.32200000,0.34500000,0.58200000,0.67657150
lissajous,PID,456,456,92.91150000,-6.97700000,6.24400000,-6.74900000,6.85300000,-6.97700000,6.24400000,0.22800000,0.60900000,0.65028071
lissajous,PID,457,457,93.11580000,-6.99300000,6.16200000,-6.86700000,6.80200000,-6.99300000,6.16200000,0.12600000,0.64000000,0.65228521
lissajous,PID,458,458,93.31570000,-7.00000000,6.07700000,-6.97700000,6.73400000,-7.00000000,6.07700000,0.02300000,0.65700000,0.65740246
lissajous,PID,459,459,93.51600000,-6.99700000,5.98700000,-7.05000000,6.66800000,-6.99700000,5.98700000,-0.05300000,0.68100000,0.68305929
lissajous,PID,460,460,93.72840000,-6.98300000,5.89400000,-7.15700000,6.60000000,-6.98300000,5.89400000,-0.17400000,0.70600000,0.72712585
lissajous,PID,461,461,93.93190000,-6.96000000,5.79700000,-7.21100000,6.54600000,-6.96000000,5.79700000,-0.25100000,0.74900000,0.78993797
lissajous,PID,462,462,94.13550000,-6.92700000,5.69700000,-7.27100000,6.47600000,-6.92700000,5.69700000,-0.34400000,0.77900000,0.85157325
lissajous,PID,463,463,94.33750000,-6.88400000,5.59200000,-7.31000000,6.37800000,-6.88400000,5.59200000,-0.42600000,0.78600000,0.89402013
lissajous,PID,464,464,94.54100000,-6.83100000,5.48500000,-7.32000000,6.30400000,-6.83100000,5.48500000,-0.48900000,0.81900000,0.95387735
lissajous,PID,465,465,94.74540000,-6.76800000,5.37300000,-7.31900000,6.20200000,-6.76800000,5.37300000,-0.55100000,0.82900000,0.99541047
lissajous,PID,466,466,94.94750000,-6.69600000,5.25900000,-7.31000000,6.14100000,-6.69600000,5.25900000,-0.61400000,0.88200000,1.07467204
lissajous,PID,467,467,95.14960000,-6.61400000,5.14100000,-7.29400000,6.02200000,-6.61400000,5.14100000,-0.68000000,0.88100000,1.11290655
lissajous,PID,468,468,95.35320000,-6.52300000,5.01900000,-7.26900000,5.91300000,-6.52300000,5.01900000,-0.74600000,0.89400000,1.16436764
lissajous,PID,469,469,95.55690000,-6.42200000,4.89500000,-7.23600000,5.84500000,-6.42200000,4.89500000,-0.81400000,0.95000000,1.25103797
lissajous,PID,470,470,95.76120000,-6.31200000,4.76700000,-7.16500000,5.71500000,-6.31200000,4.76700000,-0.85300000,0.94800000,1.27526978
lissajous,PID,471,471,95.96580000,-6.19300000,4.63700000,-7.11100000,5.58600000,-6.19300000,4.63700000,-0.91800000,0.94900000,1.32035033
lissajous,PID,472,472,96.17900000,-6.06600000,4.50300000,-7.00500000,5.44000000,-6.06600000,4.50300000,-0.93900000,0.93700000,1.32653308
lissajous,PID,473,473,96.37850000,-5.93000000,4.36700000,-6.90200000,5.32900000,-5.93000000,4.36700000,-0.97200000,0.96200000,1.36756280
lissajous,PID,474,474,96.56100000,-5.78500000,4.22800000,-6.85700000,5.25300000,-5.78500000,4.22800000,-1.07200000,1.02500000,1.48317531
lissajous,PID,475,475,96.76580000,-5.63200000,4.08600000,-6.75600000,5.13100000,-5.63200000,4.08600000,-1.12400000,1.04500000,1.53473157
lissajous,PID,476,476,96.97860000,-5.47100000,3.94200000,-6.60200000,4.95500000,-5.47100000,3.94200000,-1.13100000,1.01300000,1.51833132
lissajous,PID,477,477,97.17810000,-5.30200000,3.79500000,-6.46600000,4.82900000,-5.30200000,3.79500000,-1.16400000,1.03400000,1.55693674
lissajous,PID,478,478,97.37860000,-5.12600000,3.64500000,-6.33000000,4.69500000,-5.12600000,3.64500000,-1.20400000,1.05000000,1.59753435
lissajous,PID,479,479,97.58210000,-4.94200000,3.49400000,-6.21200000,4.57200000,-4.94200000,3.49400000,-1.27000000,1.07800000,1.66582832
lissajous,PID,480,480,97.78220000,-4.75100000,3.34000000,-6.08000000,4.43000000,-4.75100000,3.34000000,-1.32900000,1.09000000,1.71881965
lissajous,PID,481,481,97.98520000,-4.55400000,3.18400000,-5.92100000,4.29100000,-4.55400000,3.18400000,-1.36700000,1.10700000,1.75901620
lissajous,PID,482,482,98.18880000,-4.35000000,3.02600000,-5.78000000,4.17100000,-4.35000000,3.02600000,-1.43000000,1.14500000,1.83191839
lissajous,PID,483,483,98.39320000,-4.13900000,2.86600000,-5.63300000,4.02700000,-4.13900000,2.86600000,-1.49400000,1.16100000,1.89207743
lissajous,PID,484,484,98.59640000,-3.92300000,2.70400000,-5.46200000,3.87300000,-3.92300000,2.70400000,-1.53900000,1.16900000,1.93263602
lissajous,PID,485,485,98.80180000,-3.70200000,2.54100000,-5.31200000,3.71300000,-3.70200000,2.54100000,-1.61000000,1.17200000,1.99140252
lissajous,PID,486,486,99.00640000,-3.47500000,2.37600000,-5.13700000,3.56500000,-3.47500000,2.37600000,-1.66200000,1.18900000,2.04351780
lissajous,PID,487,487,99.20730000,-3.24300000,2.20900000,-4.94700000,3.41200000,-3.24300000,2.20900000,-1.70400000,1.20300000,2.08586313
lissajous,PID,488,488,99.41060000,-3.00600000,2.04100000,-4.77800000,3.25800000,-3.00600000,2.04100000,-1.77200000,1.21700000,2.14966811
lissajous,PID,489,489,99.61300000,-2.76500000,1.87200000,-4.58200000,3.10300000,-2.76500000,1.87200000,-1.81700000,1.23100000,2.19473233
lissajous,PID,490,490,99.81400000,-2.52000000,1.70200000,-4.38100000,2.95400000,-2.52000000,1.70200000,-1.86100000,1.25200000,2.24295007
lissajous,PID,491,491,100.01710000,-2.27200000,1.53000000,-4.18400000,2.79500000,-2.27200000,1.53000000,-1.91200000,1.26500000,2.29259002
lissajous,PID,492,492,100.22270000,-2.02000000,1.35800000,-3.97600000,2.64500000,-2.02000000,1.35800000,-1.95600000,1.28700000,2.34143225
lissajous,PID,493,493,100.42450000,-1.76600000,1.18400000,-3.77900000,2.48600000,-1.76600000,1.18400000,-2.01300000,1.30200000,2.39736793
lissajous,PID,494,494,100.62900000,-1.50900000,1.01000000,-3.56100000,2.32600000,-1.50900000,1.01000000,-2.05200000,1.31600000,2.43773666
lissajous,PID,495,495,100.83220000,-1.24900000,0.83500000,-3.36900000,2.16300000,-1.24900000,0.83500000,-2.12000000,1.32800000,2.50159629
lissajous,PID,496,496,101.04480000,-0.98800000,0.66000000,-3.06500000,1.93600000,-0.98800000,0.66000000,-2.07700000,1.27600000,2.43764333
lissajous,PID,497,497,101.24460000,-0.72600000,0.48400000,-2.86300000,1.77700000,-0.72600000,0.48400000,-2.13700000,1.29300000,2.49772256
lissajous,PID,498,498,101.44480000,-0.46200000,0.30800000,-2.61900000,1.60400000,-0.46200000,0.30800000,-2.15700000,1.29600000,2.51639921
lissajous,PID,499,499,104.89340000,-0.19800000,0.13200000,-0.26800000,0.07600000,-0.19800000,0.13200000,-0.07000000,-0.05600000,0.08964374
